sku_id,week_start,units_sold,revenue,product,category,subcategory,unit_cost,list_price,on_hand_units,on_order_units,lead_time_days,reorder_point,promo_flag,is_holiday,sku,date,quantity_sold,current_stock,price,holiday,week_of_year,month,season,lag_1,lag_7,lag_14,lag_28,rolling_mean_7,rolling_std_7,rolling_mean_14,rolling_std_14,rolling_mean_28,rolling_std_28
BREAD-WHT,2026-02-09,343,11662.0,White Bread,Bakery,Sliced Bread,22.0,34.0,793,0,5,704,1,1,BREAD-WHT,2026-02-09,343,793,34.0,1,7,2,1,,,,,,0.0,,0.0,,0.0
BREAD-WHT,2026-02-16,698,23732.0,White Bread,Bakery,Sliced Bread,22.0,34.0,895,0,5,704,1,0,BREAD-WHT,2026-02-16,698,895,34.0,0,8,2,1,343.0,,,,343.0,0.0,343.0,0.0,343.0,0.0
BREAD-WHT,2026-02-23,796,27064.0,White Bread,Bakery,Sliced Bread,22.0,34.0,1319,0,5,704,1,1,BREAD-WHT,2026-02-23,796,1319,34.0,1,9,2,1,698.0,,,,520.5,251.02290732122438,520.5,251.02290732122438,520.5,251.02290732122438
BREAD-WHT,2026-03-02,733,24922.0,White Bread,Bakery,Sliced Bread,22.0,34.0,651,1056,5,704,1,0,BREAD-WHT,2026-03-02,733,651,34.0,0,10,3,2,796.0,,,,612.3333333333334,238.34079242406938,612.3333333333334,238.34079242406938,612.3333333333334,238.34079242406938
BREAD-WHT,2026-03-09,731,24854.0,White Bread,Bakery,Sliced Bread,22.0,34.0,747,0,5,704,1,1,BREAD-WHT,2026-03-09,731,747,34.0,1,11,3,2,733.0,,,,642.5,203.7424845239696,642.5,203.7424845239696,642.5,203.7424845239696
BREAD-WHT,2026-03-16,689,23426.0,White Bread,Bakery,Sliced Bread,22.0,34.0,1232,0,5,704,1,0,BREAD-WHT,2026-03-16,689,1232,34.0,0,12,3,2,731.0,,,,660.2,180.8305836964533,660.2,180.8305836964533,660.2,180.8305836964533
BREAD-WHT,2026-03-23,634,21556.0,White Bread,Bakery,Sliced Bread,22.0,34.0,682,1056,5,704,1,0,BREAD-WHT,2026-03-23,634,682,34.0,0,13,3,2,689.0,,,,665.0,162.16658102087496,665.0,162.16658102087496,665.0,162.16658102087496
BREAD-WHT,2026-03-30,591,20094.0,White Bread,Bakery,Sliced Bread,22.0,34.0,945,0,5,704,1,1,BREAD-WHT,2026-03-30,591,945,34.0,1,14,3,2,634.0,343.0,,,660.5714285714286,148.50012025007157,660.5714285714286,148.50012025007157,660.5714285714286,148.50012025007157
BREAD-WHT,2026-04-06,577,19618.0,White Bread,Bakery,Sliced Bread,22.0,34.0,1524,0,5,704,1,0,BREAD-WHT,2026-04-06,577,1524,34.0,0,15,4,2,591.0,698.0,,,696.0,67.72001181334808,651.875,139.66739828197967,651.875,139.66739828197967
BREAD-WHT,2026-04-13,598,20332.0,White Bread,Bakery,Sliced Bread,22.0,34.0,1011,0,5,704,1,1,BREAD-WHT,2026-04-13,598,1011,34.0,1,16,4,2,577.0,796.0,,,678.7142857142857,81.22133193875094,643.5555555555555,133.00950258450627,643.5555555555555,133.00950258450627
BREAD-WHT,2026-04-20,614,20876.0,White Bread,Bakery,Sliced Bread,22.0,34.0,1268,0,5,704,1,0,BREAD-WHT,2026-04-20,614,1268,34.0,0,17,4,2,598.0,733.0,,,650.4285714285714,66.75791374525603,639.0,126.22730819174326,639.0,126.22730819174326
BREAD-WHT,2026-04-27,686,23324.0,White Bread,Bakery,Sliced Bread,22.0,34.0,705,0,5,704,1,1,BREAD-WHT,2026-04-27,686,705,34.0,1,18,4,2,614.0,731.0,,,633.4285714285714,56.60641054055374,636.7272727272727,119.98674169181436,636.7272727272727,119.98674169181436
BREAD-WHT,2026-05-04,714,24276.0,White Bread,Bakery,Sliced Bread,22.0,34.0,1159,0,5,704,1,0,BREAD-WHT,2026-05-04,714,1159,34.0,0,19,5,2,686.0,689.0,,,627.0,45.055521304275224,640.8333333333334,115.28370801346273,640.8333333333334,115.28370801346273
BREAD-WHT,2026-05-11,814,27676.0,White Bread,Bakery,Sliced Bread,22.0,34.0,1166,0,5,704,1,1,BREAD-WHT,2026-05-11,814,1166,34.0,1,20,5,2,714.0,634.0,,,630.5714285714286,51.341526866196524,646.4615384615385,112.22567693759999,646.4615384615385,112.22567693759999
BREAD-WHT,2026-05-18,748,25432.0,White Bread,Bakery,Sliced Bread,22.0,34.0,550,1056,5,704,1,0,BREAD-WHT,2026-05-18,748,550,34.0,0,21,5,2,814.0,591.0,343.0,,656.2857142857143,86.4305391354126,658.4285714285714,116.75069710594997,658.4285714285714,116.75069710594997
BREAD-WHT,2026-05-25,694,23596.0,White Bread,Bakery,Sliced Bread,22.0,34.0,1019,0,5,704,1,0,BREAD-WHT,2026-05-25,694,1019,34.0,0,22,5,2,748.0,577.0,698.0,,678.7142857142857,87.03392879736472,687.3571428571429,75.45310019919874,664.4,114.85630774394338
BREAD-WHT,2026-06-01,717,24378.0,White Bread,Bakery,Sliced Bread,22.0,34.0,1119,0,5,704,1,1,BREAD-WHT,2026-06-01,717,1119,34.0,1,23,6,3,694.0,598.0,796.0,,695.4285714285714,74.58967118588899,687.0714285714286,75.41726417912369,666.25,111.20821312594975
BREAD-WHT,2026-06-08,636,21624.0,White Bread,Bakery,Sliced Bread,22.0,34.0,1653,0,5,704,1,0,BREAD-WHT,2026-06-08,636,1653,34.0,0,24,6,3,717.0,614.0,733.0,,712.4285714285714,61.00780590180546,681.4285714285714,69.3516283273028,669.2352941176471,108.37811668630613
BREAD-WHT,2026-06-15,613,20842.0,White Bread,Bakery,Sliced Bread,22.0,34.0,1111,0,5,704,1,1,BREAD-WHT,2026-06-15,613,1111,34.0,1,25,6,3,636.0,686.0,731.0,,715.5714285714286,55.40113459384836,674.5,68.64484965833473,667.3888888888889,105.43363616032089
BREAD-WHT,2026-06-22,578,19652.0,White Bread,Bakery,Sliced Bread,22.0,34.0,1404,0,5,704,1,0,BREAD-WHT,2026-06-22,578,1404,34.0,0,26,6,3,613.0,714.0,689.0,,705.1428571428571,67.45474673544363,666.0714285714286,68.41779377833298,664.5263157894736,103.22002842959232
BREAD-WHT,2026-06-29,596,20264.0,White Bread,Bakery,Sliced Bread,22.0,34.0,910,0,5,704,1,1,BREAD-WHT,2026-06-29,596,910,34.0,1,27,6,3,578.0,814.0,634.0,,685.7142857142857,82.40694607801424,658.1428571428571,71.89934967380772,660.2,102.31303873278733
BREAD-WHT,2026-07-06,610,20740.0,White Bread,Bakery,Sliced Bread,22.0,34.0,1463,0,5,704,1,0,BREAD-WHT,2026-07-06,610,1463,34.0,0,28,7,3,596.0,748.0,591.0,,654.5714285714286,65.25298752511154,655.4285714285714,73.57854441209197,657.1428571428571,100.70168107548439
BREAD-WHT,2026-07-13,714,24276.0,White Bread,Bakery,Sliced Bread,22.0,34.0,1596,0,5,704,1,1,BREAD-WHT,2026-07-13,714,1596,34.0,1,29,7,3,610.0,694.0,577.0,,634.8571428571429,51.776534490148194,656.7857142857143,72.46556590380175,655.0,98.78741003261692
BREAD-WHT,2026-07-20,724,24616.0,White Bread,Bakery,Sliced Bread,22.0,34.0,1001,0,5,704,1,0,BREAD-WHT,2026-07-20,724,1001,34.0,0,30,7,3,714.0,717.0,598.0,,637.7142857142857,55.96640148551698,666.5714285714286,70.07327405126532,657.5652173913044,97.29702699697762
BREAD-WHT,2026-07-27,817,27778.0,White Bread,Bakery,Sliced Bread,22.0,34.0,1416,0,5,704,1,1,BREAD-WHT,2026-07-27,817,1416,34.0,1,31,7,3,724.0,636.0,614.0,,638.7142857142857,57.65620604269828,675.5714285714286,68.66609765403135,660.3333333333334,96.11979240902271
BREAD-WHT,2026-08-03,733,24922.0,White Bread,Bakery,Sliced Bread,22.0,34.0,1434,0,5,704,1,0,BREAD-WHT,2026-08-03,733,1434,34.0,0,32,8,3,817.0,613.0,686.0,,664.5714285714286,88.54727013081222,690.0714285714286,75.73380942557887,666.6,99.17576989029796
BREAD-WHT,2026-08-10,178,6052.0,White Bread,Bakery,Sliced Bread,22.0,34.0,1434,0,5,704,0,0,BREAD-WHT,2026-08-10,178,1434,34.0,0,33,8,3,733.0,578.0,714.0,,681.7142857142857,88.51499738408597,693.4285714285714,76.57647186934153,669.1538461538462,98.04068229370591
CHIP-200,2026-02-09,189,9072.0,Potato Chips 200g,Snacks,Chips,32.0,48.0,459,0,5,408,1,1,CHIP-200,2026-02-09,189,459,48.0,1,7,2,1,,,,,,0.0,,0.0,,0.0
CHIP-200,2026-02-16,394,18912.0,Potato Chips 200g,Snacks,Chips,32.0,48.0,539,0,5,408,1,0,CHIP-200,2026-02-16,394,539,48.0,0,8,2,1,189.0,,,,189.0,0.0,189.0,0.0,189.0,0.0
CHIP-200,2026-02-23,456,21888.0,Potato Chips 200g,Snacks,Chips,32.0,48.0,795,0,5,408,1,1,CHIP-200,2026-02-23,456,795,48.0,1,9,2,1,394.0,,,,291.5,144.95689014324225,291.5,144.95689014324225,291.5,144.95689014324225
CHIP-200,2026-03-02,413,19824.0,Potato Chips 200g,Snacks,Chips,32.0,48.0,409,0,5,408,1,0,CHIP-200,2026-03-02,413,409,48.0,0,10,3,2,456.0,,,,346.3333333333333,139.7366570851519,346.3333333333333,139.7366570851519,346.3333333333333,139.7366570851519
CHIP-200,2026-03-09,448,21504.0,Potato Chips 200g,Snacks,Chips,32.0,48.0,446,0,5,408,1,1,CHIP-200,2026-03-09,448,446,48.0,1,11,3,2,413.0,,,,363.0,118.86406802169725,363.0,118.86406802169725,363.0,118.86406802169725
CHIP-200,2026-03-16,412,19776.0,Potato Chips 200g,Snacks,Chips,32.0,48.0,718,0,5,408,1,0,CHIP-200,2026-03-16,412,718,48.0,0,12,3,2,448.0,,,,380.0,109.7337687314165,380.0,109.7337687314165,380.0,109.7337687314165
CHIP-200,2026-03-23,387,18576.0,Potato Chips 200g,Snacks,Chips,32.0,48.0,380,612,5,408,1,0,CHIP-200,2026-03-23,387,380,48.0,0,13,3,2,412.0,,,,385.3333333333333,99.01447705596726,385.3333333333333,99.01447705596726,385.3333333333333,99.01447705596726
CHIP-200,2026-03-30,368,17664.0,Potato Chips 200g,Snacks,Chips,32.0,48.0,503,0,5,408,1,1,CHIP-200,2026-03-30,368,503,48.0,1,14,3,2,387.0,189.0,,,385.57142857142856,90.38963278100933,385.57142857142856,90.38963278100933,385.57142857142856,90.38963278100933
CHIP-200,2026-04-06,333,15984.0,Potato Chips 200g,Snacks,Chips,32.0,48.0,840,0,5,408,1,0,CHIP-200,2026-04-06,333,840,48.0,0,15,4,2,368.0,394.0,,,411.14285714285717,31.918795776305945,383.375,83.9148165020423,383.375,83.9148165020423
CHIP-200,2026-04-13,361,17328.0,Potato Chips 200g,Snacks,Chips,32.0,48.0,533,0,5,408,1,1,CHIP-200,2026-04-13,361,533,48.0,1,16,4,2,333.0,456.0,,,402.42857142857144,43.57697076383789,377.77777777777777,80.27106853932148,377.77777777777777,80.27106853932148
CHIP-200,2026-04-20,338,16224.0,Potato Chips 200g,Snacks,Chips,32.0,48.0,695,0,5,408,1,0,CHIP-200,2026-04-20,338,695,48.0,0,17,4,2,361.0,413.0,,,388.85714285714283,38.62395013213335,376.1,75.86603690424033,376.1,75.86603690424033
CHIP-200,2026-04-27,415,19920.0,Potato Chips 200g,Snacks,Chips,32.0,48.0,350,612,5,408,1,1,CHIP-200,2026-04-27,415,350,48.0,1,18,4,2,338.0,448.0,,,378.14285714285717,41.13161221991576,372.6363636363636,72.88384282853468,372.6363636363636,72.88384282853468
CHIP-200,2026-05-04,415,19920.0,Potato Chips 200g,Snacks,Chips,32.0,48.0,619,0,5,408,1,0,CHIP-200,2026-05-04,415,619,48.0,0,19,5,2,415.0,412.0,,,373.42857142857144,32.847410566928716,376.1666666666667,70.55988215478375,376.1666666666667,70.55988215478375
CHIP-200,2026-05-11,445,21360.0,Potato Chips 200g,Snacks,Chips,32.0,48.0,644,0,5,408,1,1,CHIP-200,2026-05-11,445,644,48.0,1,20,5,2,415.0,387.0,,,373.85714285714283,33.448610192495636,379.15384615384613,68.40911994981147,379.15384615384613,68.40911994981147
CHIP-200,2026-05-18,421,20208.0,Potato Chips 200g,Snacks,Chips,32.0,48.0,296,612,5,408,1,0,CHIP-200,2026-05-18,421,296,48.0,0,21,5,2,445.0,368.0,189.0,,382.14285714285717,43.052017263726334,383.85714285714283,68.04055028816627,383.85714285714283,68.04055028816627
CHIP-200,2026-05-25,397,19056.0,Potato Chips 200g,Snacks,Chips,32.0,48.0,571,0,5,408,1,0,CHIP-200,2026-05-25,397,571,48.0,0,22,5,2,421.0,333.0,394.0,,389.7142857142857,44.776162876074615,400.42857142857144,38.97674708318811,386.3333333333333,66.26318377356708
CHIP-200,2026-06-01,405,19440.0,Potato Chips 200g,Snacks,Chips,32.0,48.0,645,0,5,408,1,1,CHIP-200,2026-06-01,405,645,48.0,1,23,6,3,397.0,361.0,456.0,,398.85714285714283,37.150273984761654,400.64285714285717,38.94692076869026,387.0,64.07183468576501
CHIP-200,2026-06-08,376,18048.0,Potato Chips 200g,Snacks,Chips,32.0,48.0,943,0,5,408,1,0,CHIP-200,2026-06-08,376,943,48.0,0,24,6,3,405.0,338.0,413.0,,405.14285714285717,33.18849485102017,397.0,35.61330779789616,388.05882352941177,62.190705282456896
CHIP-200,2026-06-15,385,18480.0,Potato Chips 200g,Snacks,Chips,32.0,48.0,605,0,5,408,1,1,CHIP-200,2026-06-15,385,605,48.0,1,25,6,3,376.0,415.0,448.0,,410.57142857142856,21.38423985756137,394.35714285714283,35.70737295736671,387.3888888888889,60.400758554731155
CHIP-200,2026-06-22,333,15984.0,Potato Chips 200g,Snacks,Chips,32.0,48.0,775,0,5,408,1,0,CHIP-200,2026-06-22,333,775,48.0,0,26,6,3,385.0,415.0,412.0,,406.2857142857143,23.271687273840513,389.85714285714283,32.227215309322126,387.2631578947368,58.70154465624597
CHIP-200,2026-06-29,342,16416.0,Potato Chips 200g,Snacks,Chips,32.0,48.0,494,0,5,408,1,1,CHIP-200,2026-06-29,342,494,48.0,1,27,6,3,333.0,445.0,387.0,,394.57142857142856,35.55210796777573,384.2142857142857,34.860554237680184,384.55,58.410052307169835
CHIP-200,2026-07-06,350,16800.0,Potato Chips 200g,Snacks,Chips,32.0,48.0,813,0,5,408,1,0,CHIP-200,2026-07-06,350,813,48.0,0,28,7,3,342.0,421.0,368.0,,379.85714285714283,32.375034473230414,381.0,36.61441498392927,382.5238095238095,57.68328964927282
CHIP-200,2026-07-13,395,18960.0,Potato Chips 200g,Snacks,Chips,32.0,48.0,912,0,5,408,1,1,CHIP-200,2026-07-13,395,912,48.0,1,29,7,3,350.0,397.0,333.0,,369.7142857142857,28.188143404123462,379.7142857142857,37.41334309786071,381.04545454545456,56.718584568885674
CHIP-200,2026-07-20,409,19632.0,Potato Chips 200g,Snacks,Chips,32.0,48.0,573,0,5,408,1,0,CHIP-200,2026-07-20,409,573,48.0,0,30,7,3,395.0,405.0,361.0,,369.42857142857144,27.87386555453659,384.14285714285717,35.053491306106054,381.6521739130435,55.49087451239346
CHIP-200,2026-07-27,438,21024.0,Potato Chips 200g,Snacks,Chips,32.0,48.0,838,0,5,408,1,1,CHIP-200,2026-07-27,438,838,48.0,1,31,7,3,409.0,376.0,338.0,,370.0,28.75181153713044,387.57142857142856,34.96308885692999,382.7916666666667,54.55749194690159
CHIP-200,2026-08-03,420,20160.0,Potato Chips 200g,Snacks,Chips,32.0,48.0,869,0,5,408,1,0,CHIP-200,2026-08-03,420,869,48.0,0,32,8,3,438.0,385.0,415.0,,378.85714285714283,38.727374346959344,394.7142857142857,34.26464554122709,385.0,54.5382129031257
CHIP-200,2026-08-10,107,5136.0,Potato Chips 200g,Snacks,Chips,32.0,48.0,869,0,5,408,0,0,CHIP-200,2026-08-10,107,869,48.0,0,33,8,3,420.0,333.0,415.0,,383.85714285714283,41.79086252371673,395.07142857142856,34.51747447244719,386.34615384615387,53.87536899748701
MILK-1L,2026-02-09,460,19320.0,Milk 1L,Dairy,Fresh Milk,30.0,42.0,2518,0,7,1200,1,1,MILK-1L,2026-02-09,460,2518,42.0,1,7,2,1,,,,,,0.0,,0.0,,0.0
MILK-1L,2026-02-16,937,39354.0,Milk 1L,Dairy,Fresh Milk,30.0,42.0,1243,0,7,1200,1,0,MILK-1L,2026-02-16,937,1243,42.0,0,8,2,1,460.0,,,,460.0,0.0,460.0,0.0,460.0,0.0
MILK-1L,2026-02-23,1061,44562.0,Milk 1L,Dairy,Fresh Milk,30.0,42.0,1849,0,7,1200,1,1,MILK-1L,2026-02-23,1061,1849,42.0,1,9,2,1,937.0,,,,698.5,337.28993462598316,698.5,337.28993462598316,698.5,337.28993462598316
MILK-1L,2026-03-02,1017,42714.0,Milk 1L,Dairy,Fresh Milk,30.0,42.0,2383,0,7,1200,1,0,MILK-1L,2026-03-02,1017,2383,42.0,0,10,3,2,1061.0,,,,819.3333333333334,317.3079471638448,819.3333333333334,317.3079471638448,819.3333333333334,317.3079471638448
MILK-1L,2026-03-09,1047,43974.0,Milk 1L,Dairy,Fresh Milk,30.0,42.0,998,1440,7,1200,1,1,MILK-1L,2026-03-09,1047,998,42.0,1,11,3,2,1017.0,,,,868.75,277.29211432470754,868.75,277.29211432470754,868.75,277.29211432470754
MILK-1L,2026-03-16,923,38766.0,Milk 1L,Dairy,Fresh Milk,30.0,42.0,1671,0,7,1200,1,0,MILK-1L,2026-03-16,923,1671,42.0,0,12,3,2,1047.0,,,,904.4,253.02727125746742,904.4,253.02727125746742,904.4,253.02727125746742
MILK-1L,2026-03-23,862,36204.0,Milk 1L,Dairy,Fresh Milk,30.0,42.0,2369,0,7,1200,1,0,MILK-1L,2026-03-23,862,2369,42.0,0,13,3,2,923.0,,,,907.5,226.44182475859003,907.5,226.44182475859003,907.5,226.44182475859003
MILK-1L,2026-03-30,866,36372.0,Milk 1L,Dairy,Fresh Milk,30.0,42.0,1227,0,7,1200,1,1,MILK-1L,2026-03-30,866,1227,42.0,1,14,3,2,862.0,460.0,,,901.0,207.42629212967836,901.0,207.42629212967836,901.0,207.42629212967836
MILK-1L,2026-04-06,757,31794.0,Milk 1L,Dairy,Fresh Milk,30.0,42.0,2042,0,7,1200,1,0,MILK-1L,2026-04-06,757,2042,42.0,0,15,4,2,866.0,937.0,,,959.0,83.01606270274848,896.625,192.4376986381381,896.625,192.4376986381381
MILK-1L,2026-04-13,839,35238.0,Milk 1L,Dairy,Fresh Milk,30.0,42.0,1340,0,7,1200,1,1,MILK-1L,2026-04-13,839,1340,42.0,1,16,4,2,757.0,1061.0,,,933.2857142857143,113.31477439080084,881.1111111111111,185.9283762934295,881.1111111111111,185.9283762934295
MILK-1L,2026-04-20,815,34230.0,Milk 1L,Dairy,Fresh Milk,30.0,42.0,1696,0,7,1200,1,0,MILK-1L,2026-04-20,815,1696,42.0,0,17,4,2,839.0,1017.0,,,901.5714285714286,102.12713831764978,876.9,175.80004424218885,876.9,175.80004424218885
MILK-1L,2026-04-27,967,40614.0,Milk 1L,Dairy,Fresh Milk,30.0,42.0,2333,0,7,1200,1,1,MILK-1L,2026-04-27,967,2333,42.0,1,18,4,2,815.0,1047.0,,,872.7142857142857,92.1243982987392,871.2727272727273,167.81960011219837,871.2727272727273,167.81960011219837
MILK-1L,2026-05-04,956,40152.0,Milk 1L,Dairy,Fresh Milk,30.0,42.0,1536,0,7,1200,1,0,MILK-1L,2026-05-04,956,1536,42.0,0,19,5,2,967.0,923.0,,,861.2857142857143,68.94614875808078,879.25,162.3784160533659,879.25,162.3784160533659
MILK-1L,2026-05-11,1078,45276.0,Milk 1L,Dairy,Fresh Milk,30.0,42.0,1575,0,7,1200,1,1,MILK-1L,2026-05-11,1078,1575,42.0,1,20,5,2,956.0,862.0,,,866.0,74.75292636412289,885.1538461538462,156.9160317674425,885.1538461538462,156.9160317674425
MILK-1L,2026-05-18,980,41160.0,Milk 1L,Dairy,Fresh Milk,30.0,42.0,2211,0,7,1200,1,0,MILK-1L,2026-05-18,980,2211,42.0,0,21,5,2,1078.0,866.0,460.0,,896.8571428571429,109.38529543381436,898.9285714285714,159.32669112705034,898.9285714285714,159.32669112705034
MILK-1L,2026-05-25,973,40866.0,Milk 1L,Dairy,Fresh Milk,30.0,42.0,1370,0,7,1200,1,0,MILK-1L,2026-05-25,973,1370,42.0,0,22,5,2,980.0,757.0,937.0,,913.1428571428571,112.46840826268885,936.0714285714286,97.90298517151814,904.3333333333334,154.95145169036778
MILK-1L,2026-06-01,961,40362.0,Milk 1L,Dairy,Fresh Milk,30.0,42.0,1541,0,7,1200,1,1,MILK-1L,2026-06-01,961,1541,42.0,1,23,6,3,973.0,839.0,1061.0,,944.0,89.84430978086486,938.6428571428571,98.40075604998563,908.625,150.67841030928528
MILK-1L,2026-06-08,844,35448.0,Milk 1L,Dairy,Fresh Milk,30.0,42.0,2283,0,7,1200,1,0,MILK-1L,2026-06-08,844,2283,42.0,0,24,6,3,961.0,815.0,1017.0,,961.4285714285714,76.99536164137245,931.5,92.27446517361625,911.7058823529412,146.4457086712864
MILK-1L,2026-06-15,852,35784.0,Milk 1L,Dairy,Fresh Milk,30.0,42.0,1530,0,7,1200,1,1,MILK-1L,2026-06-15,852,1530,42.0,1,25,6,3,844.0,967.0,1047.0,,965.5714285714286,68.06579450026568,919.1428571428571,91.52457185230232,907.9444444444445,142.9666650665862
MILK-1L,2026-06-22,745,31290.0,Milk 1L,Dairy,Fresh Milk,30.0,42.0,1980,0,7,1200,1,0,MILK-1L,2026-06-22,745,1980,42.0,0,26,6,3,852.0,956.0,923.0,,949.1428571428571,80.4206204308087,905.2142857142857,85.18864006194951,905.0,139.53016400286594
MILK-1L,2026-06-29,859,36078.0,Milk 1L,Dairy,Fresh Milk,30.0,42.0,1254,0,7,1200,1,1,MILK-1L,2026-06-29,859,1254,42.0,1,27,6,3,745.0,1078.0,862.0,,919.0,111.10955554466658,892.5,95.04310762855086,897.0,140.4421589124861
MILK-1L,2026-07-06,843,35406.0,Milk 1L,Dairy,Fresh Milk,30.0,42.0,2009,0,7,1200,1,0,MILK-1L,2026-07-06,843,2009,42.0,0,28,7,3,859.0,980.0,866.0,,887.7142857142857,87.12005946913017,892.2857142857143,95.12051349689025,895.1904761904761,137.13701872493039
MILK-1L,2026-07-13,968,40656.0,Milk 1L,Dairy,Fresh Milk,30.0,42.0,2190,0,7,1200,1,1,MILK-1L,2026-07-13,968,2190,42.0,1,29,7,3,843.0,973.0,757.0,,868.1428571428571,77.82550689722191,890.6428571428571,95.80557807982156,892.8181818181819,134.2937917806423
MILK-1L,2026-07-20,974,40908.0,Milk 1L,Dairy,Fresh Milk,30.0,42.0,1389,0,7,1200,1,0,MILK-1L,2026-07-20,974,1389,42.0,0,30,7,3,968.0,961.0,839.0,,867.4285714285714,76.71778833894432,905.7142857142857,89.55739764267086,896.0869565217391,132.1393593017608
MILK-1L,2026-07-27,1089,45738.0,Milk 1L,Dairy,Fresh Milk,30.0,42.0,1971,0,7,1200,1,1,MILK-1L,2026-07-27,1089,1971,42.0,1,31,7,3,974.0,844.0,815.0,,869.2857142857143,79.46847233487068,915.3571428571429,89.08820792455523,899.3333333333334,130.20975274588662
MILK-1L,2026-08-03,1005,42210.0,Milk 1L,Dairy,Fresh Milk,30.0,42.0,2002,0,7,1200,1,0,MILK-1L,2026-08-03,1005,2002,42.0,0,32,8,3,1089.0,852.0,967.0,,904.2857142857143,113.2485677403388,934.9285714285714,95.23046077458964,906.92,132.9927692270022
MILK-1L,2026-08-10,265,11130.0,Milk 1L,Dairy,Fresh Milk,30.0,42.0,2002,0,7,1200,0,0,MILK-1L,2026-08-10,265,2002,42.0,0,33,8,3,1005.0,745.0,956.0,,926.1428571428571,116.2015900227253,937.6428571428571,96.74439530007939,910.6923076923077,131.71781025533917
RICE-5K,2026-02-09,228,82080.0,Rice 5kg,Grocery,Grains,280.0,360.0,1211,0,10,754,1,1,RICE-5K,2026-02-09,228,1211,360.0,1,7,2,1,,,,,,0.0,,0.0,,0.0
RICE-5K,2026-02-16,473,170280.0,Rice 5kg,Grocery,Grains,280.0,360.0,575,696,10,754,1,0,RICE-5K,2026-02-16,473,575,360.0,0,8,2,1,228.0,,,,228.0,0.0,228.0,0.0,228.0,0.0
RICE-5K,2026-02-23,513,184680.0,Rice 5kg,Grocery,Grains,280.0,360.0,870,0,10,754,1,1,RICE-5K,2026-02-23,513,870,360.0,1,9,2,1,473.0,,,,350.5,173.24116139070415,350.5,173.24116139070415,350.5,173.24116139070415
RICE-5K,2026-03-02,500,180000.0,Rice 5kg,Grocery,Grains,280.0,360.0,1118,0,10,754,1,0,RICE-5K,2026-03-02,500,1118,360.0,0,10,3,2,513.0,,,,404.6666666666667,154.29949233012186,404.6666666666667,154.29949233012186,404.6666666666667,154.29949233012186
RICE-5K,2026-03-09,475,171000.0,Rice 5kg,Grocery,Grains,280.0,360.0,1175,0,10,754,1,1,RICE-5K,2026-03-09,475,1175,360.0,1,11,3,2,500.0,,,,428.5,134.70090323874348,428.5,134.70090323874348,428.5,134.70090323874348
RICE-5K,2026-03-16,454,163440.0,Rice 5kg,Grocery,Grains,280.0,360.0,805,0,10,754,1,0,RICE-5K,2026-03-16,454,805,360.0,0,12,3,2,475.0,,,,437.8,118.49345973512631,437.8,118.49345973512631,437.8,118.49345973512631
RICE-5K,2026-03-23,407,146520.0,Rice 5kg,Grocery,Grains,280.0,360.0,1138,0,10,754,1,0,RICE-5K,2026-03-23,407,1138,360.0,0,13,3,2,454.0,,,,440.5,106.18992419245811,440.5,106.18992419245811,440.5,106.18992419245811
RICE-5K,2026-03-30,419,150840.0,Rice 5kg,Grocery,Grains,280.0,360.0,1287,0,10,754,1,1,RICE-5K,2026-03-30,419,1287,360.0,1,14,3,2,407.0,228.0,,,435.7142857142857,97.76112773100613,435.7142857142857,97.76112773100613,435.7142857142857,97.76112773100613
RICE-5K,2026-04-06,356,128160.0,Rice 5kg,Grocery,Grains,280.0,360.0,992,0,10,754,1,0,RICE-5K,2026-04-06,356,992,360.0,0,15,4,2,419.0,473.0,,,463.0,39.29800673486293,433.625,90.70192547964065,433.625,90.70192547964065
RICE-5K,2026-04-13,383,137880.0,Rice 5kg,Grocery,Grains,280.0,360.0,678,696,10,754,1,1,RICE-5K,2026-04-13,383,678,360.0,1,16,4,2,356.0,513.0,,,446.2857142857143,55.766520080643026,425.0,88.70174744614674,425.0,88.70174744614674
RICE-5K,2026-04-20,423,152280.0,Rice 5kg,Grocery,Grains,280.0,360.0,821,0,10,754,1,0,RICE-5K,2026-04-20,423,821,360.0,0,17,4,2,383.0,500.0,,,427.7142857142857,51.31508642921785,420.8,84.67690226843314,420.8,84.67690226843314
RICE-5K,2026-04-27,454,163440.0,Rice 5kg,Grocery,Grains,280.0,360.0,440,696,10,754,1,1,RICE-5K,2026-04-27,454,440,360.0,1,18,4,2,423.0,475.0,,,416.7142857142857,40.310107440997555,421.0,80.33430151560415,421.0,80.33430151560415
RICE-5K,2026-05-04,472,169920.0,Rice 5kg,Grocery,Grains,280.0,360.0,754,0,10,754,1,0,RICE-5K,2026-05-04,472,754,360.0,0,19,5,2,454.0,454.0,,,413.7142857142857,35.77575662239398,423.75,77.18587364867415,423.75,77.18587364867415
RICE-5K,2026-05-11,528,190080.0,Rice 5kg,Grocery,Grains,280.0,360.0,759,0,10,754,1,1,RICE-5K,2026-05-11,528,759,360.0,1,20,5,2,472.0,407.0,,,416.2857142857143,39.596777165632645,427.46153846153845,75.10172588409158,427.46153846153845,75.10172588409158
RICE-5K,2026-05-18,500,180000.0,Rice 5kg,Grocery,Grains,280.0,360.0,348,696,10,754,1,0,RICE-5K,2026-05-18,500,348,360.0,0,21,5,2,528.0,419.0,228.0,,433.57142857142856,57.31450410631138,434.64285714285717,76.99611093361209,434.64285714285717,76.99611093361209
RICE-5K,2026-05-25,463,166680.0,Rice 5kg,Grocery,Grains,280.0,360.0,645,696,10,754,1,0,RICE-5K,2026-05-25,463,645,360.0,0,22,5,2,500.0,356.0,473.0,,445.14285714285717,61.87737489429821,454.07142857142856,50.65336845920257,439.0,76.09017207047364
RICE-5K,2026-06-01,461,165960.0,Rice 5kg,Grocery,Grains,280.0,360.0,727,696,10,754,1,1,RICE-5K,2026-06-01,461,727,360.0,1,23,6,3,463.0,383.0,513.0,,460.42857142857144,47.80117551852028,453.35714285714283,50.435956561620955,440.5,73.75454788237356
RICE-5K,2026-06-08,403,145080.0,Rice 5kg,Grocery,Grains,280.0,360.0,1082,0,10,754,1,0,RICE-5K,2026-06-08,403,1082,360.0,0,24,6,3,461.0,423.0,500.0,,471.57142857142856,33.77798663260412,449.64285714285717,47.53720347565384,441.70588235294116,71.5854076487331
RICE-5K,2026-06-15,410,147600.0,Rice 5kg,Grocery,Grains,280.0,360.0,742,696,10,754,1,1,RICE-5K,2026-06-15,410,742,360.0,1,25,6,3,403.0,454.0,475.0,,468.7142857142857,39.01159778712946,442.7142857142857,46.694471047155325,439.55555555555554,70.04471027785394
RICE-5K,2026-06-22,403,145080.0,Rice 5kg,Grocery,Grains,280.0,360.0,903,0,10,754,1,0,RICE-5K,2026-06-22,403,903,360.0,0,26,6,3,410.0,472.0,454.0,,462.42857142857144,44.88079449258577,438.07142857142856,46.46829239171801,438.0,68.40808919028997
RICE-5K,2026-06-29,411,147960.0,Rice 5kg,Grocery,Grains,280.0,360.0,1263,0,10,754,1,1,RICE-5K,2026-06-29,411,1263,360.0,1,27,6,3,403.0,528.0,407.0,,452.57142857142856,49.7421924957648,434.42857142857144,47.11804208697438,436.25,67.0419154041159
RICE-5K,2026-07-06,409,147240.0,Rice 5kg,Grocery,Grains,280.0,360.0,908,0,10,754,1,0,RICE-5K,2026-07-06,409,908,360.0,0,28,7,3,411.0,500.0,419.0,,435.85714285714283,38.57645469898531,434.7142857142857,46.95075746325745,435.04761904761904,65.57627329337662
RICE-5K,2026-07-13,463,166680.0,Rice 5kg,Grocery,Grains,280.0,360.0,1012,0,10,754,1,1,RICE-5K,2026-07-13,463,1012,360.0,1,29,7,3,409.0,463.0,356.0,,422.85714285714283,26.93466521930803,434.0,47.283108058716984,433.8636363636364,64.23639040928322
RICE-5K,2026-07-20,477,171720.0,Rice 5kg,Grocery,Grains,280.0,360.0,623,696,10,754,1,0,RICE-5K,2026-07-20,477,623,360.0,0,30,7,3,463.0,461.0,383.0,,422.85714285714283,26.93466521930803,441.64285714285717,42.06516399561545,435.1304347826087,63.05286695797864
RICE-5K,2026-07-27,524,188640.0,Rice 5kg,Grocery,Grains,280.0,360.0,217,696,10,754,1,1,RICE-5K,2026-07-27,524,217,360.0,1,31,7,3,477.0,403.0,423.0,,425.14285714285717,31.072112745614856,448.35714285714283,39.40247384435331,436.875,62.256351168933485
RICE-5K,2026-08-03,501,180360.0,Rice 5kg,Grocery,Grains,280.0,360.0,206,696,10,754,1,0,RICE-5K,2026-08-03,501,206,360.0,0,32,8,3,524.0,410.0,454.0,,442.42857142857144,46.51830156994544,455.57142857142856,43.44176346773708,440.36,63.387617087251364
RICE-5K,2026-08-10,123,44280.0,Rice 5kg,Grocery,Grains,280.0,360.0,206,696,10,754,0,0,RICE-5K,2026-08-10,123,206,360.0,0,33,8,3,501.0,403.0,472.0,,455.42857142857144,48.61363712257826,458.92857142857144,45.0955639737424,442.6923076923077,63.235287130379504
SHAM-400,2026-02-09,115,22770.0,Shampoo 400ml,Personal Care,Hair Care,140.0,198.0,305,0,5,264,1,1,SHAM-400,2026-02-09,115,305,198.0,1,7,2,1,,,,,,0.0,,0.0,,0.0
SHAM-400,2026-02-16,262,51876.0,Shampoo 400ml,Personal Care,Hair Care,140.0,198.0,349,0,5,264,1,0,SHAM-400,2026-02-16,262,349,198.0,0,8,2,1,115.0,,,,115.0,0.0,115.0,0.0,115.0,0.0
SHAM-400,2026-02-23,297,58806.0,Shampoo 400ml,Personal Care,Hair Care,140.0,198.0,506,0,5,264,1,1,SHAM-400,2026-02-23,297,506,198.0,1,9,2,1,262.0,,,,188.5,103.94469683442249,188.5,103.94469683442249,188.5,103.94469683442249
SHAM-400,2026-03-02,260,51480.0,Shampoo 400ml,Personal Care,Hair Care,140.0,198.0,276,0,5,264,1,0,SHAM-400,2026-03-02,260,276,198.0,0,10,3,2,297.0,,,,224.66666666666666,96.57294307068277,224.66666666666666,96.57294307068277,224.66666666666666,96.57294307068277
SHAM-400,2026-03-09,284,56232.0,Shampoo 400ml,Personal Care,Hair Care,140.0,198.0,300,0,5,264,1,1,SHAM-400,2026-03-09,284,300,198.0,1,11,3,2,260.0,,,,233.5,80.80635288556628,233.5,80.80635288556628,233.5,80.80635288556628
SHAM-400,2026-03-16,257,50886.0,Shampoo 400ml,Personal Care,Hair Care,140.0,198.0,489,0,5,264,1,0,SHAM-400,2026-03-16,257,489,198.0,0,12,3,2,284.0,,,,243.6,73.53434571681454,243.6,73.53434571681454,243.6,73.53434571681454
SHAM-400,2026-03-23,215,42570.0,Shampoo 400ml,Personal Care,Hair Care,140.0,198.0,297,0,5,264,1,0,SHAM-400,2026-03-23,215,297,198.0,0,13,3,2,257.0,,,,245.83333333333334,65.99823229955987,245.83333333333334,65.99823229955987,245.83333333333334,65.99823229955987
SHAM-400,2026-03-30,237,46926.0,Shampoo 400ml,Personal Care,Hair Care,140.0,198.0,383,0,5,264,1,1,SHAM-400,2026-03-30,237,383,198.0,1,14,3,2,215.0,115.0,,,241.42857142857142,61.3646400430985,241.42857142857142,61.3646400430985,241.42857142857142,61.3646400430985
SHAM-400,2026-04-06,207,40986.0,Shampoo 400ml,Personal Care,Hair Care,140.0,198.0,215,396,5,264,1,0,SHAM-400,2026-04-06,207,215,198.0,0,15,4,2,237.0,262.0,,,258.85714285714283,27.39482050454412,240.875,56.83418865436543,240.875,56.83418865436543
SHAM-400,2026-04-13,223,44154.0,Shampoo 400ml,Personal Care,Hair Care,140.0,198.0,421,0,5,264,1,1,SHAM-400,2026-04-13,223,421,198.0,1,16,4,2,207.0,297.0,,,251.0,33.54101966249684,237.11111111111111,54.34943524187819,237.11111111111111,54.34943524187819
SHAM-400,2026-04-20,218,43164.0,Shampoo 400ml,Personal Care,Hair Care,140.0,198.0,527,0,5,264,1,0,SHAM-400,2026-04-20,218,527,198.0,0,17,4,2,223.0,260.0,,,240.42857142857142,27.79602575223744,235.7,51.43507234044361,235.7,51.43507234044361
SHAM-400,2026-04-27,264,52272.0,Shampoo 400ml,Personal Care,Hair Care,140.0,198.0,316,0,5,264,1,1,SHAM-400,2026-04-27,264,316,198.0,1,18,4,2,218.0,284.0,,,234.42857142857142,27.397427755521992,234.0909090909091,49.08656546440084,234.0909090909091,49.08656546440084
SHAM-400,2026-05-04,260,51480.0,Shampoo 400ml,Personal Care,Hair Care,140.0,198.0,483,0,5,264,1,0,SHAM-400,2026-05-04,260,483,198.0,0,19,5,2,264.0,257.0,,,231.57142857142858,21.846869667888654,236.58333333333334,47.59193654646157,236.58333333333334,47.59193654646157
SHAM-400,2026-05-11,294,58212.0,Shampoo 400ml,Personal Care,Hair Care,140.0,198.0,501,0,5,264,1,1,SHAM-400,2026-05-11,294,501,198.0,1,20,5,2,260.0,215.0,,,232.0,22.44994432064363,238.3846153846154,46.02633025696354,238.3846153846154,46.02633025696354
SHAM-400,2026-05-18,267,52866.0,Shampoo 400ml,Personal Care,Hair Care,140.0,198.0,276,0,5,264,1,0,SHAM-400,2026-05-18,267,276,198.0,0,21,5,2,294.0,237.0,115.0,,243.28571428571428,30.78806200306803,242.35714285714286,46.6519142040399,242.35714285714286,46.6519142040399
SHAM-400,2026-05-25,274,54252.0,Shampoo 400ml,Personal Care,Hair Care,140.0,198.0,437,0,5,264,1,0,SHAM-400,2026-05-25,274,437,198.0,0,22,5,2,267.0,207.0,262.0,,247.57142857142858,31.837384434325745,253.21428571428572,29.128834700155984,244.0,45.402957738770404
SHAM-400,2026-06-01,280,55440.0,Shampoo 400ml,Personal Care,Hair Care,140.0,198.0,472,0,5,264,1,1,SHAM-400,2026-06-01,280,472,198.0,1,23,6,3,274.0,223.0,297.0,,257.14285714285717,27.364384221274264,254.07142857142858,29.580306041258357,245.875,44.5
SHAM-400,2026-06-08,226,44748.0,Shampoo 400ml,Personal Care,Hair Care,140.0,198.0,286,0,5,264,1,0,SHAM-400,2026-06-08,226,286,198.0,0,24,6,3,280.0,218.0,260.0,,265.2857142857143,23.75369645419626,252.85714285714286,27.988616210213706,247.88235294117646,43.87465434755751
SHAM-400,2026-06-15,209,41382.0,Shampoo 400ml,Personal Care,Hair Care,140.0,198.0,503,0,5,264,1,1,SHAM-400,2026-06-15,209,503,198.0,1,25,6,3,226.0,264.0,284.0,,266.42857142857144,21.149130343484924,250.42857142857142,28.784916685156983,246.66666666666666,42.876018252357234
SHAM-400,2026-06-22,200,39600.0,Shampoo 400ml,Personal Care,Hair Care,140.0,198.0,629,0,5,264,1,0,SHAM-400,2026-06-22,200,629,198.0,0,26,6,3,209.0,260.0,257.0,,258.57142857142856,30.39658502122204,245.07142857142858,29.034367661351023,244.68421052631578,42.554608878969916
SHAM-400,2026-06-29,260,51480.0,Shampoo 400ml,Personal Care,Hair Care,140.0,198.0,415,0,5,264,1,1,SHAM-400,2026-06-29,260,415,198.0,1,27,6,3,200.0,294.0,215.0,,250.0,37.545527918337555,241.0,31.152231677065114,242.45,42.60772724580169
SHAM-400,2026-07-06,232,45936.0,Shampoo 400ml,Personal Care,Hair Care,140.0,198.0,211,396,5,264,1,0,SHAM-400,2026-07-06,232,211,198.0,0,28,7,3,260.0,267.0,237.0,,245.14285714285714,32.80461639987358,244.21428571428572,30.57947670586265,243.28571428571428,41.705087048395974
SHAM-400,2026-07-13,243,48114.0,Shampoo 400ml,Personal Care,Hair Care,140.0,198.0,290,0,5,264,1,1,SHAM-400,2026-07-13,243,290,198.0,1,29,7,3,232.0,274.0,207.0,,240.14285714285714,31.561730895862702,243.85714285714286,30.699178497796343,242.77272727272728,40.77105861734793
SHAM-400,2026-07-20,258,51084.0,Shampoo 400ml,Personal Care,Hair Care,140.0,198.0,477,0,5,264,1,0,SHAM-400,2026-07-20,258,477,198.0,0,30,7,3,243.0,280.0,223.0,,235.71428571428572,27.992345892608306,246.42857142857142,28.824973909426554,242.7826086956522,39.833695788341096
SHAM-400,2026-07-27,298,59004.0,Shampoo 400ml,Personal Care,Hair Care,140.0,198.0,245,396,5,264,1,1,SHAM-400,2026-07-27,298,245,198.0,1,31,7,3,258.0,226.0,218.0,,232.57142857142858,22.97721438626487,248.92857142857142,28.146496668773455,243.41666666666666,39.081761193311316
SHAM-400,2026-08-03,263,52074.0,Shampoo 400ml,Personal Care,Hair Care,140.0,198.0,263,396,5,264,1,0,SHAM-400,2026-08-03,263,263,198.0,0,32,8,3,298.0,209.0,264.0,,242.85714285714286,33.32880921679502,254.64285714285714,29.473866241278756,245.6,39.78588526935987
SHAM-400,2026-08-10,66,13068.0,Shampoo 400ml,Personal Care,Hair Care,140.0,198.0,263,396,5,264,0,0,SHAM-400,2026-08-10,66,263,198.0,0,33,8,3,263.0,200.0,260.0,,250.57142857142858,30.297728973511834,254.57142857142858,29.450647859438675,246.26923076923077,39.131120804094216
