date,sku,product,quantity_sold,current_stock,price,holiday,season,weather,day_of_week,month,is_weekend,lag_7,rolling_mean_7
2026-01-31,BREAD-WHT,White Bread,97,150,34.0,0,1,Clear,5,1,1,,
2026-02-01,BREAD-WHT,White Bread,120,150,34.0,1,1,Clear,6,2,1,,
2026-02-02,BREAD-WHT,White Bread,97,150,34.0,0,1,Clear,0,2,0,,
2026-02-03,BREAD-WHT,White Bread,84,150,34.0,0,1,Clear,1,2,0,,104.66666666666667
2026-02-04,BREAD-WHT,White Bread,91,150,34.0,0,1,Clear,2,2,0,,99.5
2026-02-05,BREAD-WHT,White Bread,104,150,34.0,0,1,Clear,3,2,0,,97.8
2026-02-06,BREAD-WHT,White Bread,89,150,34.0,0,1,Clear,4,2,0,,98.83333333333333
2026-02-07,BREAD-WHT,White Bread,101,150,34.0,0,1,Clear,5,2,1,97.0,97.42857142857143
2026-02-08,BREAD-WHT,White Bread,109,150,34.0,0,1,Clear,6,2,1,120.0,98.0
2026-02-09,BREAD-WHT,White Bread,103,150,34.0,0,1,Clear,0,2,0,97.0,96.42857142857143
2026-02-10,BREAD-WHT,White Bread,98,150,34.0,0,1,Clear,1,2,0,84.0,97.28571428571429
2026-02-11,BREAD-WHT,White Bread,108,150,34.0,0,1,Clear,2,2,0,91.0,99.28571428571429
2026-02-12,BREAD-WHT,White Bread,105,150,34.0,0,1,Clear,3,2,0,104.0,101.71428571428571
2026-02-13,BREAD-WHT,White Bread,105,150,34.0,0,1,Clear,4,2,0,89.0,101.85714285714286
2026-02-14,BREAD-WHT,White Bread,116,150,34.0,0,1,Clear,5,2,1,101.0,104.14285714285714
2026-02-15,BREAD-WHT,White Bread,149,150,34.0,1,1,Clear,6,2,1,109.0,106.28571428571429
2026-02-16,BREAD-WHT,White Bread,99,150,34.0,0,1,Clear,0,2,0,103.0,112.0
2026-02-17,BREAD-WHT,White Bread,87,150,34.0,0,1,Clear,1,2,0,98.0,111.42857142857143
2026-02-18,BREAD-WHT,White Bread,113,150,34.0,0,1,Clear,2,2,0,108.0,109.85714285714286
2026-02-19,BREAD-WHT,White Bread,98,150,34.0,0,1,Clear,3,2,0,105.0,110.57142857142857
2026-02-20,BREAD-WHT,White Bread,102,150,34.0,0,1,Clear,4,2,0,105.0,109.57142857142857
2026-02-21,BREAD-WHT,White Bread,123,150,34.0,0,1,Clear,5,2,1,116.0,109.14285714285714
2026-02-22,BREAD-WHT,White Bread,102,150,34.0,0,1,Clear,6,2,1,149.0,110.14285714285714
2026-02-23,BREAD-WHT,White Bread,92,150,34.0,0,1,Clear,0,2,0,99.0,103.42857142857143
2026-02-24,BREAD-WHT,White Bread,89,150,34.0,0,1,Clear,1,2,0,87.0,102.42857142857143
2026-02-25,BREAD-WHT,White Bread,95,150,34.0,0,1,Clear,2,2,0,113.0,102.71428571428571
2026-02-26,BREAD-WHT,White Bread,103,150,34.0,0,1,Clear,3,2,0,98.0,100.14285714285714
2026-02-27,BREAD-WHT,White Bread,103,150,34.0,0,1,Clear,4,2,0,102.0,100.85714285714286
2026-02-28,BREAD-WHT,White Bread,112,150,34.0,0,1,Clear,5,2,1,123.0,101.0
2026-03-01,BREAD-WHT,White Bread,119,150,34.0,1,2,Clear,6,3,1,102.0,99.42857142857143
2026-03-02,BREAD-WHT,White Bread,81,150,34.0,0,2,Clear,0,3,0,92.0,101.85714285714286
2026-03-03,BREAD-WHT,White Bread,97,150,34.0,0,2,Clear,1,3,0,89.0,100.28571428571429
2026-03-04,BREAD-WHT,White Bread,92,150,34.0,0,2,Clear,2,3,0,95.0,101.42857142857143
2026-03-05,BREAD-WHT,White Bread,98,150,34.0,0,2,Clear,3,3,0,103.0,101.0
2026-03-06,BREAD-WHT,White Bread,98,150,34.0,0,2,Clear,4,3,0,103.0,100.28571428571429
2026-03-07,BREAD-WHT,White Bread,105,150,34.0,0,2,Clear,5,3,1,112.0,99.57142857142857
2026-03-08,BREAD-WHT,White Bread,108,150,34.0,0,2,Clear,6,3,1,119.0,98.57142857142857
2026-03-09,BREAD-WHT,White Bread,92,150,34.0,0,2,Clear,0,3,0,81.0,97.0
2026-03-10,BREAD-WHT,White Bread,93,150,34.0,0,2,Clear,1,3,0,97.0,98.57142857142857
2026-03-11,BREAD-WHT,White Bread,84,150,34.0,0,2,Clear,2,3,0,92.0,98.0
2026-03-12,BREAD-WHT,White Bread,86,150,34.0,0,2,Clear,3,3,0,98.0,96.85714285714286
2026-03-13,BREAD-WHT,White Bread,88,150,34.0,0,2,Clear,4,3,0,98.0,95.14285714285714
2026-03-14,BREAD-WHT,White Bread,102,150,34.0,0,2,Clear,5,3,1,105.0,93.71428571428571
2026-03-15,BREAD-WHT,White Bread,109,150,34.0,1,2,Clear,6,3,1,108.0,93.28571428571429
2026-03-16,BREAD-WHT,White Bread,87,150,34.0,0,2,Clear,0,3,0,92.0,93.42857142857143
2026-03-17,BREAD-WHT,White Bread,81,150,34.0,0,2,Clear,1,3,0,93.0,92.71428571428571
2026-03-18,BREAD-WHT,White Bread,81,150,34.0,0,2,Clear,2,3,0,84.0,91.0
2026-03-19,BREAD-WHT,White Bread,87,150,34.0,0,2,Clear,3,3,0,86.0,90.57142857142857
2026-03-20,BREAD-WHT,White Bread,67,150,34.0,0,2,Clear,4,3,0,88.0,90.71428571428571
2026-03-21,BREAD-WHT,White Bread,81,150,34.0,0,2,Clear,5,3,1,102.0,87.71428571428571
2026-03-22,BREAD-WHT,White Bread,79,150,34.0,0,2,Clear,6,3,1,109.0,84.71428571428571
2026-03-23,BREAD-WHT,White Bread,63,150,34.0,0,2,Clear,0,3,0,87.0,80.42857142857143
2026-03-24,BREAD-WHT,White Bread,74,150,34.0,0,2,Clear,1,3,0,81.0,77.0
2026-03-25,BREAD-WHT,White Bread,84,150,34.0,0,2,Clear,2,3,0,81.0,76.0
2026-03-26,BREAD-WHT,White Bread,76,150,34.0,0,2,Clear,3,3,0,87.0,76.42857142857143
2026-03-27,BREAD-WHT,White Bread,79,150,34.0,0,2,Clear,4,3,0,67.0,74.85714285714286
2026-03-28,BREAD-WHT,White Bread,95,150,34.0,0,2,Clear,5,3,1,81.0,76.57142857142857
2026-03-29,BREAD-WHT,White Bread,97,150,34.0,0,2,Clear,6,3,1,79.0,78.57142857142857
2026-03-30,BREAD-WHT,White Bread,78,150,34.0,0,2,Clear,0,3,0,63.0,81.14285714285714
2026-03-31,BREAD-WHT,White Bread,88,150,34.0,0,2,Clear,1,3,0,74.0,83.28571428571429
2026-04-01,BREAD-WHT,White Bread,94,150,34.0,1,2,Clear,2,4,0,84.0,85.28571428571429
2026-04-02,BREAD-WHT,White Bread,73,150,34.0,0,2,Clear,3,4,0,76.0,86.71428571428571
2026-04-03,BREAD-WHT,White Bread,75,150,34.0,0,2,Clear,4,4,0,79.0,86.28571428571429
2026-04-04,BREAD-WHT,White Bread,79,150,34.0,0,2,Clear,5,4,1,95.0,85.71428571428571
2026-04-05,BREAD-WHT,White Bread,84,150,34.0,0,2,Clear,6,4,1,97.0,83.42857142857143
2026-04-06,BREAD-WHT,White Bread,79,150,34.0,0,2,Clear,0,4,0,78.0,81.57142857142857
2026-04-07,BREAD-WHT,White Bread,88,150,34.0,0,2,Clear,1,4,0,88.0,81.71428571428571
2026-04-08,BREAD-WHT,White Bread,95,150,34.0,0,2,Clear,2,4,0,94.0,81.71428571428571
2026-04-09,BREAD-WHT,White Bread,74,150,34.0,0,2,Clear,3,4,0,73.0,81.85714285714286
2026-04-10,BREAD-WHT,White Bread,88,150,34.0,0,2,Clear,4,4,0,75.0,82.0
2026-04-11,BREAD-WHT,White Bread,89,150,34.0,0,2,Clear,5,4,1,79.0,83.85714285714286
2026-04-12,BREAD-WHT,White Bread,101,150,34.0,0,2,Clear,6,4,1,84.0,85.28571428571429
2026-04-13,BREAD-WHT,White Bread,87,150,34.0,0,2,Clear,0,4,0,79.0,87.71428571428571
2026-04-14,BREAD-WHT,White Bread,76,150,34.0,0,2,Clear,1,4,0,88.0,88.85714285714286
2026-04-15,BREAD-WHT,White Bread,113,150,34.0,1,2,Clear,2,4,0,95.0,87.14285714285714
2026-04-16,BREAD-WHT,White Bread,87,150,34.0,0,2,Clear,3,4,0,74.0,89.71428571428571
2026-04-17,BREAD-WHT,White Bread,89,150,34.0,0,2,Clear,4,4,0,88.0,91.57142857142857
2026-04-18,BREAD-WHT,White Bread,97,150,34.0,0,2,Clear,5,4,1,89.0,91.71428571428571
2026-04-19,BREAD-WHT,White Bread,101,150,34.0,0,2,Clear,6,4,1,101.0,92.85714285714286
2026-04-20,BREAD-WHT,White Bread,99,150,34.0,0,2,Clear,0,4,0,87.0,92.85714285714286
2026-04-21,BREAD-WHT,White Bread,95,150,34.0,0,2,Clear,1,4,0,76.0,94.57142857142857
2026-04-22,BREAD-WHT,White Bread,100,150,34.0,0,2,Clear,2,4,0,113.0,97.28571428571429
2026-04-23,BREAD-WHT,White Bread,101,150,34.0,0,2,Clear,3,4,0,87.0,95.42857142857143
2026-04-24,BREAD-WHT,White Bread,109,150,34.0,0,2,Clear,4,4,0,89.0,97.42857142857143
2026-04-25,BREAD-WHT,White Bread,110,150,34.0,0,2,Clear,5,4,1,97.0,100.28571428571429
2026-04-26,BREAD-WHT,White Bread,103,150,34.0,0,2,Clear,6,4,1,101.0,102.14285714285714
2026-04-27,BREAD-WHT,White Bread,110,150,34.0,0,2,Clear,0,4,0,99.0,102.42857142857143
2026-04-28,BREAD-WHT,White Bread,101,150,34.0,0,2,Clear,1,4,0,95.0,104.0
2026-04-29,BREAD-WHT,White Bread,111,150,34.0,0,2,Clear,2,4,0,100.0,104.85714285714286
2026-04-30,BREAD-WHT,White Bread,107,150,34.0,0,2,Clear,3,4,0,101.0,106.42857142857143
2026-05-01,BREAD-WHT,White Bread,122,150,34.0,1,2,Clear,4,5,0,109.0,107.28571428571429
2026-05-02,BREAD-WHT,White Bread,120,150,34.0,0,2,Clear,5,5,1,110.0,109.14285714285714
2026-05-03,BREAD-WHT,White Bread,132,150,34.0,0,2,Clear,6,5,1,103.0,110.57142857142857
2026-05-04,BREAD-WHT,White Bread,120,150,34.0,0,2,Clear,0,5,0,110.0,114.71428571428571
2026-05-05,BREAD-WHT,White Bread,106,150,34.0,0,2,Clear,1,5,0,101.0,116.14285714285714
2026-05-06,BREAD-WHT,White Bread,107,150,34.0,0,2,Clear,2,5,0,111.0,116.85714285714286
2026-05-07,BREAD-WHT,White Bread,113,150,34.0,0,2,Clear,3,5,0,107.0,116.28571428571429
2026-05-08,BREAD-WHT,White Bread,99,150,34.0,0,2,Clear,4,5,0,122.0,117.14285714285714
2026-05-09,BREAD-WHT,White Bread,120,150,34.0,0,2,Clear,5,5,1,120.0,113.85714285714286
2026-05-10,BREAD-WHT,White Bread,117,150,34.0,0,2,Clear,6,5,1,132.0,113.85714285714286
2026-05-11,BREAD-WHT,White Bread,107,150,34.0,0,2,Clear,0,5,0,120.0,111.71428571428571
2026-05-12,BREAD-WHT,White Bread,98,150,34.0,0,2,Clear,1,5,0,106.0,109.85714285714286
2026-05-13,BREAD-WHT,White Bread,92,150,34.0,0,2,Clear,2,5,0,107.0,108.71428571428571
2026-05-14,BREAD-WHT,White Bread,88,150,34.0,0,2,Clear,3,5,0,113.0,106.57142857142857
2026-05-15,BREAD-WHT,White Bread,113,150,34.0,1,2,Clear,4,5,0,99.0,103.0
2026-05-16,BREAD-WHT,White Bread,110,150,34.0,0,2,Clear,5,5,1,120.0,105.0
2026-05-17,BREAD-WHT,White Bread,110,150,34.0,0,2,Clear,6,5,1,117.0,103.57142857142857
2026-05-18,BREAD-WHT,White Bread,113,150,34.0,0,2,Clear,0,5,0,107.0,102.57142857142857
2026-05-19,BREAD-WHT,White Bread,106,150,34.0,0,2,Clear,1,5,0,98.0,103.42857142857143
2026-05-20,BREAD-WHT,White Bread,91,150,34.0,0,2,Clear,2,5,0,92.0,104.57142857142857
2026-05-21,BREAD-WHT,White Bread,99,150,34.0,0,2,Clear,3,5,0,88.0,104.42857142857143
2026-05-22,BREAD-WHT,White Bread,93,150,34.0,0,2,Clear,4,5,0,113.0,106.0
2026-05-23,BREAD-WHT,White Bread,104,150,34.0,0,2,Clear,5,5,1,110.0,103.14285714285714
2026-05-24,BREAD-WHT,White Bread,106,150,34.0,0,2,Clear,6,5,1,110.0,102.28571428571429
2026-05-25,BREAD-WHT,White Bread,97,150,34.0,0,2,Clear,0,5,0,113.0,101.71428571428571
2026-05-26,BREAD-WHT,White Bread,89,150,34.0,0,2,Clear,1,5,0,106.0,99.42857142857143
2026-05-27,BREAD-WHT,White Bread,98,150,34.0,0,2,Clear,2,5,0,91.0,97.0
2026-05-28,BREAD-WHT,White Bread,82,150,34.0,0,2,Clear,3,5,0,99.0,98.0
2026-05-29,BREAD-WHT,White Bread,89,150,34.0,0,2,Clear,4,5,0,93.0,95.57142857142857
2026-05-30,BREAD-WHT,White Bread,116,150,34.0,0,2,Clear,5,5,1,104.0,95.0
2026-05-31,BREAD-WHT,White Bread,99,150,34.0,0,2,Clear,6,5,1,106.0,96.71428571428571
2026-06-01,BREAD-WHT,White Bread,111,150,34.0,1,3,Rainy,0,6,0,97.0,95.71428571428571
2026-06-02,BREAD-WHT,White Bread,86,150,34.0,0,3,Rainy,1,6,0,89.0,97.71428571428571
2026-06-03,BREAD-WHT,White Bread,88,150,34.0,0,3,Rainy,2,6,0,98.0,97.28571428571429
2026-06-04,BREAD-WHT,White Bread,83,150,34.0,0,3,Rainy,3,6,0,82.0,95.85714285714286
2026-06-05,BREAD-WHT,White Bread,82,150,34.0,0,3,Rainy,4,6,0,89.0,96.0
2026-06-06,BREAD-WHT,White Bread,87,150,34.0,0,3,Rainy,5,6,1,116.0,95.0
2026-06-07,BREAD-WHT,White Bread,95,150,34.0,0,3,Rainy,6,6,1,99.0,90.85714285714286
2026-06-08,BREAD-WHT,White Bread,76,150,34.0,0,3,Rainy,0,6,0,111.0,90.28571428571429
2026-06-09,BREAD-WHT,White Bread,86,150,34.0,0,3,Rainy,1,6,0,86.0,85.28571428571429
2026-06-10,BREAD-WHT,White Bread,89,150,34.0,0,3,Rainy,2,6,0,88.0,85.28571428571429
2026-06-11,BREAD-WHT,White Bread,84,150,34.0,0,3,Rainy,3,6,0,83.0,85.42857142857143
2026-06-12,BREAD-WHT,White Bread,79,150,34.0,0,3,Rainy,4,6,0,82.0,85.57142857142857
2026-06-13,BREAD-WHT,White Bread,94,150,34.0,0,3,Rainy,5,6,1,87.0,85.14285714285714
2026-06-14,BREAD-WHT,White Bread,89,150,34.0,0,3,Rainy,6,6,1,95.0,86.14285714285714
2026-06-15,BREAD-WHT,White Bread,103,150,34.0,1,3,Rainy,0,6,0,76.0,85.28571428571429
2026-06-16,BREAD-WHT,White Bread,69,150,34.0,0,3,Rainy,1,6,0,86.0,89.14285714285714
2026-06-17,BREAD-WHT,White Bread,80,150,34.0,0,3,Rainy,2,6,0,89.0,86.71428571428571
2026-06-18,BREAD-WHT,White Bread,69,150,34.0,0,3,Rainy,3,6,0,84.0,85.42857142857143
2026-06-19,BREAD-WHT,White Bread,73,150,34.0,0,3,Rainy,4,6,0,79.0,83.28571428571429
2026-06-20,BREAD-WHT,White Bread,104,150,34.0,0,3,Rainy,5,6,1,94.0,82.42857142857143
2026-06-21,BREAD-WHT,White Bread,102,150,34.0,0,3,Rainy,6,6,1,89.0,83.85714285714286
2026-06-22,BREAD-WHT,White Bread,81,150,34.0,0,3,Rainy,0,6,0,103.0,85.71428571428571
2026-06-23,BREAD-WHT,White Bread,76,150,34.0,0,3,Rainy,1,6,0,69.0,82.57142857142857
2026-06-24,BREAD-WHT,White Bread,67,150,34.0,0,3,Rainy,2,6,0,80.0,83.57142857142857
2026-06-25,BREAD-WHT,White Bread,85,150,34.0,0,3,Rainy,3,6,0,69.0,81.71428571428571
2026-06-26,BREAD-WHT,White Bread,107,150,34.0,0,3,Rainy,4,6,0,73.0,84.0
2026-06-27,BREAD-WHT,White Bread,105,150,34.0,0,3,Rainy,5,6,1,104.0,88.85714285714286
2026-06-28,BREAD-WHT,White Bread,99,150,34.0,0,3,Rainy,6,6,1,102.0,89.0
2026-06-29,BREAD-WHT,White Bread,97,150,34.0,0,3,Rainy,0,6,0,81.0,88.57142857142857
2026-06-30,BREAD-WHT,White Bread,84,150,34.0,0,3,Rainy,1,6,0,76.0,90.85714285714286
2026-07-01,BREAD-WHT,White Bread,111,150,34.0,1,3,Rainy,2,7,0,67.0,92.0
2026-07-02,BREAD-WHT,White Bread,97,150,34.0,0,3,Rainy,3,7,0,85.0,98.28571428571429
2026-07-03,BREAD-WHT,White Bread,97,150,34.0,0,3,Rainy,4,7,0,107.0,100.0
2026-07-04,BREAD-WHT,White Bread,116,150,34.0,0,3,Rainy,5,7,1,105.0,98.57142857142857
2026-07-05,BREAD-WHT,White Bread,115,150,34.0,0,3,Rainy,6,7,1,99.0,100.14285714285714
2026-07-06,BREAD-WHT,White Bread,106,150,34.0,0,3,Rainy,0,7,0,97.0,102.42857142857143
2026-07-07,BREAD-WHT,White Bread,97,150,34.0,0,3,Rainy,1,7,0,84.0,103.71428571428571
2026-07-08,BREAD-WHT,White Bread,110,150,34.0,0,3,Rainy,2,7,0,111.0,105.57142857142857
2026-07-09,BREAD-WHT,White Bread,116,150,34.0,0,3,Rainy,3,7,0,97.0,105.42857142857143
2026-07-10,BREAD-WHT,White Bread,98,150,34.0,0,3,Rainy,4,7,0,97.0,108.14285714285714
2026-07-11,BREAD-WHT,White Bread,112,150,34.0,0,3,Rainy,5,7,1,116.0,108.28571428571429
2026-07-12,BREAD-WHT,White Bread,129,150,34.0,0,3,Rainy,6,7,1,115.0,107.71428571428571
2026-07-13,BREAD-WHT,White Bread,106,150,34.0,0,3,Rainy,0,7,0,106.0,109.71428571428571
2026-07-14,BREAD-WHT,White Bread,118,150,34.0,0,3,Rainy,1,7,0,97.0,109.71428571428571
2026-07-15,BREAD-WHT,White Bread,125,150,34.0,1,3,Rainy,2,7,0,110.0,112.71428571428571
2026-07-16,BREAD-WHT,White Bread,119,150,34.0,0,3,Rainy,3,7,0,116.0,114.85714285714286
2026-07-17,BREAD-WHT,White Bread,110,150,34.0,0,3,Rainy,4,7,0,98.0,115.28571428571429
2026-07-18,BREAD-WHT,White Bread,125,150,34.0,0,3,Rainy,5,7,1,112.0,117.0
2026-07-19,BREAD-WHT,White Bread,134,150,34.0,0,3,Rainy,6,7,1,129.0,118.85714285714286
2026-07-20,BREAD-WHT,White Bread,107,150,34.0,0,3,Rainy,0,7,0,106.0,119.57142857142857
2026-07-21,BREAD-WHT,White Bread,103,150,34.0,0,3,Rainy,1,7,0,118.0,119.71428571428571
2026-07-22,BREAD-WHT,White Bread,107,150,34.0,0,3,Rainy,2,7,0,125.0,117.57142857142857
2026-07-23,BREAD-WHT,White Bread,113,150,34.0,0,3,Rainy,3,7,0,119.0,115.0
2026-07-24,BREAD-WHT,White Bread,98,150,34.0,0,3,Rainy,4,7,0,110.0,114.14285714285714
2026-07-25,BREAD-WHT,White Bread,126,150,34.0,0,3,Rainy,5,7,1,125.0,112.42857142857143
2026-07-26,BREAD-WHT,White Bread,117,150,34.0,0,3,Rainy,6,7,1,134.0,112.57142857142857
2026-07-27,BREAD-WHT,White Bread,116,150,34.0,0,3,Rainy,0,7,0,107.0,110.14285714285714
2026-07-28,BREAD-WHT,White Bread,90,150,34.0,0,3,Rainy,1,7,0,103.0,111.42857142857143
2026-07-29,BREAD-WHT,White Bread,101,150,34.0,0,3,Rainy,2,7,0,107.0,109.57142857142857
2026-01-31,CHIP-200,Potato Chips 200g,56,620,48.0,0,1,Clear,5,1,1,,
2026-02-01,CHIP-200,Potato Chips 200g,76,620,48.0,1,1,Clear,6,2,1,,
2026-02-02,CHIP-200,Potato Chips 200g,36,620,48.0,0,1,Clear,0,2,0,,
2026-02-03,CHIP-200,Potato Chips 200g,42,620,48.0,0,1,Clear,1,2,0,,56.0
2026-02-04,CHIP-200,Potato Chips 200g,47,620,48.0,0,1,Clear,2,2,0,,52.5
2026-02-05,CHIP-200,Potato Chips 200g,64,620,48.0,0,1,Clear,3,2,0,,51.4
2026-02-06,CHIP-200,Potato Chips 200g,57,620,48.0,0,1,Clear,4,2,0,,53.5
2026-02-07,CHIP-200,Potato Chips 200g,67,620,48.0,0,1,Clear,5,2,1,56.0,54.0
2026-02-08,CHIP-200,Potato Chips 200g,54,620,48.0,0,1,Clear,6,2,1,76.0,55.57142857142857
2026-02-09,CHIP-200,Potato Chips 200g,48,620,48.0,0,1,Clear,0,2,0,36.0,52.42857142857143
2026-02-10,CHIP-200,Potato Chips 200g,60,620,48.0,0,1,Clear,1,2,0,42.0,54.142857142857146
2026-02-11,CHIP-200,Potato Chips 200g,57,620,48.0,0,1,Clear,2,2,0,47.0,56.714285714285715
2026-02-12,CHIP-200,Potato Chips 200g,61,620,48.0,0,1,Clear,3,2,0,64.0,58.142857142857146
2026-02-13,CHIP-200,Potato Chips 200g,56,620,48.0,0,1,Clear,4,2,0,57.0,57.714285714285715
2026-02-14,CHIP-200,Potato Chips 200g,67,620,48.0,0,1,Clear,5,2,1,67.0,57.57142857142857
2026-02-15,CHIP-200,Potato Chips 200g,78,620,48.0,1,1,Clear,6,2,1,54.0,57.57142857142857
2026-02-16,CHIP-200,Potato Chips 200g,64,620,48.0,0,1,Clear,0,2,0,48.0,61.0
2026-02-17,CHIP-200,Potato Chips 200g,64,620,48.0,0,1,Clear,1,2,0,60.0,63.285714285714285
2026-02-18,CHIP-200,Potato Chips 200g,47,620,48.0,0,1,Clear,2,2,0,57.0,63.857142857142854
2026-02-19,CHIP-200,Potato Chips 200g,43,620,48.0,0,1,Clear,3,2,0,61.0,62.42857142857143
2026-02-20,CHIP-200,Potato Chips 200g,66,620,48.0,0,1,Clear,4,2,0,56.0,59.857142857142854
2026-02-21,CHIP-200,Potato Chips 200g,74,620,48.0,0,1,Clear,5,2,1,67.0,61.285714285714285
2026-02-22,CHIP-200,Potato Chips 200g,58,620,48.0,0,1,Clear,6,2,1,78.0,62.285714285714285
2026-02-23,CHIP-200,Potato Chips 200g,45,620,48.0,0,1,Clear,0,2,0,64.0,59.42857142857143
2026-02-24,CHIP-200,Potato Chips 200g,59,620,48.0,0,1,Clear,1,2,0,64.0,56.714285714285715
2026-02-25,CHIP-200,Potato Chips 200g,65,620,48.0,0,1,Clear,2,2,0,47.0,56.0
2026-02-26,CHIP-200,Potato Chips 200g,70,620,48.0,0,1,Clear,3,2,0,43.0,58.57142857142857
2026-02-27,CHIP-200,Potato Chips 200g,61,620,48.0,0,1,Clear,4,2,0,66.0,62.42857142857143
2026-02-28,CHIP-200,Potato Chips 200g,61,620,48.0,0,1,Clear,5,2,1,74.0,61.714285714285715
2026-03-01,CHIP-200,Potato Chips 200g,69,620,48.0,1,2,Clear,6,3,1,58.0,59.857142857142854
2026-03-02,CHIP-200,Potato Chips 200g,56,620,48.0,0,2,Clear,0,3,0,45.0,61.42857142857143
2026-03-03,CHIP-200,Potato Chips 200g,54,620,48.0,0,2,Clear,1,3,0,59.0,63.0
2026-03-04,CHIP-200,Potato Chips 200g,48,620,48.0,0,2,Clear,2,3,0,65.0,62.285714285714285
2026-03-05,CHIP-200,Potato Chips 200g,69,620,48.0,0,2,Clear,3,3,0,70.0,59.857142857142854
2026-03-06,CHIP-200,Potato Chips 200g,67,620,48.0,0,2,Clear,4,3,0,61.0,59.714285714285715
2026-03-07,CHIP-200,Potato Chips 200g,68,620,48.0,0,2,Clear,5,3,1,61.0,60.57142857142857
2026-03-08,CHIP-200,Potato Chips 200g,53,620,48.0,0,2,Clear,6,3,1,69.0,61.57142857142857
2026-03-09,CHIP-200,Potato Chips 200g,58,620,48.0,0,2,Clear,0,3,0,56.0,59.285714285714285
2026-03-10,CHIP-200,Potato Chips 200g,56,620,48.0,0,2,Clear,1,3,0,54.0,59.57142857142857
2026-03-11,CHIP-200,Potato Chips 200g,54,620,48.0,0,2,Clear,2,3,0,48.0,59.857142857142854
2026-03-12,CHIP-200,Potato Chips 200g,59,620,48.0,0,2,Clear,3,3,0,69.0,60.714285714285715
2026-03-13,CHIP-200,Potato Chips 200g,55,620,48.0,0,2,Clear,4,3,0,67.0,59.285714285714285
2026-03-14,CHIP-200,Potato Chips 200g,61,620,48.0,0,2,Clear,5,3,1,68.0,57.57142857142857
2026-03-15,CHIP-200,Potato Chips 200g,69,620,48.0,1,2,Clear,6,3,1,53.0,56.57142857142857
2026-03-16,CHIP-200,Potato Chips 200g,51,620,48.0,0,2,Clear,0,3,0,58.0,58.857142857142854
2026-03-17,CHIP-200,Potato Chips 200g,36,620,48.0,0,2,Clear,1,3,0,56.0,57.857142857142854
2026-03-18,CHIP-200,Potato Chips 200g,48,620,48.0,0,2,Clear,2,3,0,54.0,55.0
2026-03-19,CHIP-200,Potato Chips 200g,43,620,48.0,0,2,Clear,3,3,0,59.0,54.142857142857146
2026-03-20,CHIP-200,Potato Chips 200g,38,620,48.0,0,2,Clear,4,3,0,55.0,51.857142857142854
2026-03-21,CHIP-200,Potato Chips 200g,64,620,48.0,0,2,Clear,5,3,1,61.0,49.42857142857143
2026-03-22,CHIP-200,Potato Chips 200g,64,620,48.0,0,2,Clear,6,3,1,69.0,49.857142857142854
2026-03-23,CHIP-200,Potato Chips 200g,55,620,48.0,0,2,Clear,0,3,0,51.0,49.142857142857146
2026-03-24,CHIP-200,Potato Chips 200g,47,620,48.0,0,2,Clear,1,3,0,36.0,49.714285714285715
2026-03-25,CHIP-200,Potato Chips 200g,55,620,48.0,0,2,Clear,2,3,0,48.0,51.285714285714285
2026-03-26,CHIP-200,Potato Chips 200g,45,620,48.0,0,2,Clear,3,3,0,43.0,52.285714285714285
2026-03-27,CHIP-200,Potato Chips 200g,47,620,48.0,0,2,Clear,4,3,0,38.0,52.57142857142857
2026-03-28,CHIP-200,Potato Chips 200g,43,620,48.0,0,2,Clear,5,3,1,64.0,53.857142857142854
2026-03-29,CHIP-200,Potato Chips 200g,53,620,48.0,0,2,Clear,6,3,1,64.0,50.857142857142854
2026-03-30,CHIP-200,Potato Chips 200g,46,620,48.0,0,2,Clear,0,3,0,55.0,49.285714285714285
2026-03-31,CHIP-200,Potato Chips 200g,36,620,48.0,0,2,Clear,1,3,0,47.0,48.0
2026-04-01,CHIP-200,Potato Chips 200g,53,620,48.0,1,2,Clear,2,4,0,55.0,46.42857142857143
2026-04-02,CHIP-200,Potato Chips 200g,45,620,48.0,0,2,Clear,3,4,0,45.0,46.142857142857146
2026-04-03,CHIP-200,Potato Chips 200g,59,620,48.0,0,2,Clear,4,4,0,47.0,46.142857142857146
2026-04-04,CHIP-200,Potato Chips 200g,58,620,48.0,0,2,Clear,5,4,1,43.0,47.857142857142854
2026-04-05,CHIP-200,Potato Chips 200g,52,620,48.0,0,2,Clear,6,4,1,53.0,50.0
2026-04-06,CHIP-200,Potato Chips 200g,49,620,48.0,0,2,Clear,0,4,0,46.0,49.857142857142854
2026-04-07,CHIP-200,Potato Chips 200g,48,620,48.0,0,2,Clear,1,4,0,36.0,50.285714285714285
2026-04-08,CHIP-200,Potato Chips 200g,47,620,48.0,0,2,Clear,2,4,0,53.0,52.0
2026-04-09,CHIP-200,Potato Chips 200g,41,620,48.0,0,2,Clear,3,4,0,45.0,51.142857142857146
2026-04-10,CHIP-200,Potato Chips 200g,48,620,48.0,0,2,Clear,4,4,0,59.0,50.57142857142857
2026-04-11,CHIP-200,Potato Chips 200g,51,620,48.0,0,2,Clear,5,4,1,58.0,49.0
2026-04-12,CHIP-200,Potato Chips 200g,48,620,48.0,0,2,Clear,6,4,1,52.0,48.0
2026-04-13,CHIP-200,Potato Chips 200g,55,620,48.0,0,2,Clear,0,4,0,49.0,47.42857142857143
2026-04-14,CHIP-200,Potato Chips 200g,54,620,48.0,0,2,Clear,1,4,0,48.0,48.285714285714285
2026-04-15,CHIP-200,Potato Chips 200g,49,620,48.0,1,2,Clear,2,4,0,47.0,49.142857142857146
2026-04-16,CHIP-200,Potato Chips 200g,52,620,48.0,0,2,Clear,3,4,0,41.0,49.42857142857143
2026-04-17,CHIP-200,Potato Chips 200g,60,620,48.0,0,2,Clear,4,4,0,48.0,51.0
2026-04-18,CHIP-200,Potato Chips 200g,68,620,48.0,0,2,Clear,5,4,1,51.0,52.714285714285715
2026-04-19,CHIP-200,Potato Chips 200g,69,620,48.0,0,2,Clear,6,4,1,48.0,55.142857142857146
2026-04-20,CHIP-200,Potato Chips 200g,56,620,48.0,0,2,Clear,0,4,0,55.0,58.142857142857146
2026-04-21,CHIP-200,Potato Chips 200g,50,620,48.0,0,2,Clear,1,4,0,54.0,58.285714285714285
2026-04-22,CHIP-200,Potato Chips 200g,49,620,48.0,0,2,Clear,2,4,0,49.0,57.714285714285715
2026-04-23,CHIP-200,Potato Chips 200g,60,620,48.0,0,2,Clear,3,4,0,52.0,57.714285714285715
2026-04-24,CHIP-200,Potato Chips 200g,60,620,48.0,0,2,Clear,4,4,0,60.0,58.857142857142854
2026-04-25,CHIP-200,Potato Chips 200g,74,620,48.0,0,2,Clear,5,4,1,68.0,58.857142857142854
2026-04-26,CHIP-200,Potato Chips 200g,74,620,48.0,0,2,Clear,6,4,1,69.0,59.714285714285715
2026-04-27,CHIP-200,Potato Chips 200g,58,620,48.0,0,2,Clear,0,4,0,56.0,60.42857142857143
2026-04-28,CHIP-200,Potato Chips 200g,51,620,48.0,0,2,Clear,1,4,0,50.0,60.714285714285715
2026-04-29,CHIP-200,Potato Chips 200g,58,620,48.0,0,2,Clear,2,4,0,49.0,60.857142857142854
2026-04-30,CHIP-200,Potato Chips 200g,62,620,48.0,0,2,Clear,3,4,0,60.0,62.142857142857146
2026-05-01,CHIP-200,Potato Chips 200g,70,620,48.0,1,2,Clear,4,5,0,60.0,62.42857142857143
2026-05-02,CHIP-200,Potato Chips 200g,64,620,48.0,0,2,Clear,5,5,1,74.0,63.857142857142854
2026-05-03,CHIP-200,Potato Chips 200g,70,620,48.0,0,2,Clear,6,5,1,74.0,62.42857142857143
2026-05-04,CHIP-200,Potato Chips 200g,58,620,48.0,0,2,Clear,0,5,0,58.0,61.857142857142854
2026-05-05,CHIP-200,Potato Chips 200g,57,620,48.0,0,2,Clear,1,5,0,51.0,61.857142857142854
2026-05-06,CHIP-200,Potato Chips 200g,63,620,48.0,0,2,Clear,2,5,0,58.0,62.714285714285715
2026-05-07,CHIP-200,Potato Chips 200g,58,620,48.0,0,2,Clear,3,5,0,62.0,63.42857142857143
2026-05-08,CHIP-200,Potato Chips 200g,63,620,48.0,0,2,Clear,4,5,0,70.0,62.857142857142854
2026-05-09,CHIP-200,Potato Chips 200g,70,620,48.0,0,2,Clear,5,5,1,64.0,61.857142857142854
2026-05-10,CHIP-200,Potato Chips 200g,60,620,48.0,0,2,Clear,6,5,1,70.0,62.714285714285715
2026-05-11,CHIP-200,Potato Chips 200g,57,620,48.0,0,2,Clear,0,5,0,58.0,61.285714285714285
2026-05-12,CHIP-200,Potato Chips 200g,70,620,48.0,0,2,Clear,1,5,0,57.0,61.142857142857146
2026-05-13,CHIP-200,Potato Chips 200g,52,620,48.0,0,2,Clear,2,5,0,63.0,63.0
2026-05-14,CHIP-200,Potato Chips 200g,45,620,48.0,0,2,Clear,3,5,0,58.0,61.42857142857143
2026-05-15,CHIP-200,Potato Chips 200g,57,620,48.0,1,2,Clear,4,5,0,63.0,59.57142857142857
2026-05-16,CHIP-200,Potato Chips 200g,66,620,48.0,0,2,Clear,5,5,1,70.0,58.714285714285715
2026-05-17,CHIP-200,Potato Chips 200g,65,620,48.0,0,2,Clear,6,5,1,60.0,58.142857142857146
2026-05-18,CHIP-200,Potato Chips 200g,57,620,48.0,0,2,Clear,0,5,0,57.0,58.857142857142854
2026-05-19,CHIP-200,Potato Chips 200g,66,620,48.0,0,2,Clear,1,5,0,70.0,58.857142857142854
2026-05-20,CHIP-200,Potato Chips 200g,38,620,48.0,0,2,Clear,2,5,0,52.0,58.285714285714285
2026-05-21,CHIP-200,Potato Chips 200g,59,620,48.0,0,2,Clear,3,5,0,45.0,56.285714285714285
2026-05-22,CHIP-200,Potato Chips 200g,66,620,48.0,0,2,Clear,4,5,0,57.0,58.285714285714285
2026-05-23,CHIP-200,Potato Chips 200g,54,620,48.0,0,2,Clear,5,5,1,66.0,59.57142857142857
2026-05-24,CHIP-200,Potato Chips 200g,58,620,48.0,0,2,Clear,6,5,1,65.0,57.857142857142854
2026-05-25,CHIP-200,Potato Chips 200g,48,620,48.0,0,2,Clear,0,5,0,57.0,56.857142857142854
2026-05-26,CHIP-200,Potato Chips 200g,47,620,48.0,0,2,Clear,1,5,0,66.0,55.57142857142857
2026-05-27,CHIP-200,Potato Chips 200g,50,620,48.0,0,2,Clear,2,5,0,38.0,52.857142857142854
2026-05-28,CHIP-200,Potato Chips 200g,62,620,48.0,0,2,Clear,3,5,0,59.0,54.57142857142857
2026-05-29,CHIP-200,Potato Chips 200g,64,620,48.0,0,2,Clear,4,5,0,66.0,55.0
2026-05-30,CHIP-200,Potato Chips 200g,55,620,48.0,0,2,Clear,5,5,1,54.0,54.714285714285715
2026-05-31,CHIP-200,Potato Chips 200g,70,620,48.0,0,2,Clear,6,5,1,58.0,54.857142857142854
2026-06-01,CHIP-200,Potato Chips 200g,59,620,48.0,1,3,Rainy,0,6,0,48.0,56.57142857142857
2026-06-02,CHIP-200,Potato Chips 200g,62,620,48.0,0,3,Rainy,1,6,0,47.0,58.142857142857146
2026-06-03,CHIP-200,Potato Chips 200g,48,620,48.0,0,3,Rainy,2,6,0,50.0,60.285714285714285
2026-06-04,CHIP-200,Potato Chips 200g,49,620,48.0,0,3,Rainy,3,6,0,62.0,60.0
2026-06-05,CHIP-200,Potato Chips 200g,51,620,48.0,0,3,Rainy,4,6,0,64.0,58.142857142857146
2026-06-06,CHIP-200,Potato Chips 200g,76,620,48.0,0,3,Rainy,5,6,1,55.0,56.285714285714285
2026-06-07,CHIP-200,Potato Chips 200g,59,620,48.0,0,3,Rainy,6,6,1,70.0,59.285714285714285
2026-06-08,CHIP-200,Potato Chips 200g,42,620,48.0,0,3,Rainy,0,6,0,59.0,57.714285714285715
2026-06-09,CHIP-200,Potato Chips 200g,54,620,48.0,0,3,Rainy,1,6,0,62.0,55.285714285714285
2026-06-10,CHIP-200,Potato Chips 200g,45,620,48.0,0,3,Rainy,2,6,0,48.0,54.142857142857146
2026-06-11,CHIP-200,Potato Chips 200g,44,620,48.0,0,3,Rainy,3,6,0,49.0,53.714285714285715
2026-06-12,CHIP-200,Potato Chips 200g,53,620,48.0,0,3,Rainy,4,6,0,51.0,53.0
2026-06-13,CHIP-200,Potato Chips 200g,53,620,48.0,0,3,Rainy,5,6,1,76.0,53.285714285714285
2026-06-14,CHIP-200,Potato Chips 200g,55,620,48.0,0,3,Rainy,6,6,1,59.0,50.0
2026-06-15,CHIP-200,Potato Chips 200g,56,620,48.0,1,3,Rainy,0,6,0,42.0,49.42857142857143
2026-06-16,CHIP-200,Potato Chips 200g,50,620,48.0,0,3,Rainy,1,6,0,54.0,51.42857142857143
2026-06-17,CHIP-200,Potato Chips 200g,51,620,48.0,0,3,Rainy,2,6,0,45.0,50.857142857142854
2026-06-18,CHIP-200,Potato Chips 200g,35,620,48.0,0,3,Rainy,3,6,0,44.0,51.714285714285715
2026-06-19,CHIP-200,Potato Chips 200g,53,620,48.0,0,3,Rainy,4,6,0,53.0,50.42857142857143
2026-06-20,CHIP-200,Potato Chips 200g,48,620,48.0,0,3,Rainy,5,6,1,53.0,50.42857142857143
2026-06-21,CHIP-200,Potato Chips 200g,45,620,48.0,0,3,Rainy,6,6,1,55.0,49.714285714285715
2026-06-22,CHIP-200,Potato Chips 200g,49,620,48.0,0,3,Rainy,0,6,0,56.0,48.285714285714285
2026-06-23,CHIP-200,Potato Chips 200g,51,620,48.0,0,3,Rainy,1,6,0,50.0,47.285714285714285
2026-06-24,CHIP-200,Potato Chips 200g,46,620,48.0,0,3,Rainy,2,6,0,51.0,47.42857142857143
2026-06-25,CHIP-200,Potato Chips 200g,57,620,48.0,0,3,Rainy,3,6,0,35.0,46.714285714285715
2026-06-26,CHIP-200,Potato Chips 200g,43,620,48.0,0,3,Rainy,4,6,0,53.0,49.857142857142854
2026-06-27,CHIP-200,Potato Chips 200g,56,620,48.0,0,3,Rainy,5,6,1,48.0,48.42857142857143
2026-06-28,CHIP-200,Potato Chips 200g,56,620,48.0,0,3,Rainy,6,6,1,45.0,49.57142857142857
2026-06-29,CHIP-200,Potato Chips 200g,54,620,48.0,0,3,Rainy,0,6,0,49.0,51.142857142857146
2026-06-30,CHIP-200,Potato Chips 200g,57,620,48.0,0,3,Rainy,1,6,0,51.0,51.857142857142854
2026-07-01,CHIP-200,Potato Chips 200g,58,620,48.0,1,3,Rainy,2,7,0,46.0,52.714285714285715
2026-07-02,CHIP-200,Potato Chips 200g,61,620,48.0,0,3,Rainy,3,7,0,57.0,54.42857142857143
2026-07-03,CHIP-200,Potato Chips 200g,57,620,48.0,0,3,Rainy,4,7,0,43.0,55.0
2026-07-04,CHIP-200,Potato Chips 200g,51,620,48.0,0,3,Rainy,5,7,1,56.0,57.0
2026-07-05,CHIP-200,Potato Chips 200g,51,620,48.0,0,3,Rainy,6,7,1,56.0,56.285714285714285
2026-07-06,CHIP-200,Potato Chips 200g,59,620,48.0,0,3,Rainy,0,7,0,54.0,55.57142857142857
2026-07-07,CHIP-200,Potato Chips 200g,58,620,48.0,0,3,Rainy,1,7,0,57.0,56.285714285714285
2026-07-08,CHIP-200,Potato Chips 200g,59,620,48.0,0,3,Rainy,2,7,0,58.0,56.42857142857143
2026-07-09,CHIP-200,Potato Chips 200g,60,620,48.0,0,3,Rainy,3,7,0,61.0,56.57142857142857
2026-07-10,CHIP-200,Potato Chips 200g,63,620,48.0,0,3,Rainy,4,7,0,57.0,56.42857142857143
2026-07-11,CHIP-200,Potato Chips 200g,75,620,48.0,0,3,Rainy,5,7,1,51.0,57.285714285714285
2026-07-12,CHIP-200,Potato Chips 200g,61,620,48.0,0,3,Rainy,6,7,1,51.0,60.714285714285715
2026-07-13,CHIP-200,Potato Chips 200g,54,620,48.0,0,3,Rainy,0,7,0,59.0,62.142857142857146
2026-07-14,CHIP-200,Potato Chips 200g,55,620,48.0,0,3,Rainy,1,7,0,58.0,61.42857142857143
2026-07-15,CHIP-200,Potato Chips 200g,76,620,48.0,1,3,Rainy,2,7,0,59.0,61.0
2026-07-16,CHIP-200,Potato Chips 200g,72,620,48.0,0,3,Rainy,3,7,0,60.0,63.42857142857143
2026-07-17,CHIP-200,Potato Chips 200g,60,620,48.0,0,3,Rainy,4,7,0,63.0,65.14285714285714
2026-07-18,CHIP-200,Potato Chips 200g,54,620,48.0,0,3,Rainy,5,7,1,75.0,64.71428571428571
2026-07-19,CHIP-200,Potato Chips 200g,59,620,48.0,0,3,Rainy,6,7,1,61.0,61.714285714285715
2026-07-20,CHIP-200,Potato Chips 200g,58,620,48.0,0,3,Rainy,0,7,0,54.0,61.42857142857143
2026-07-21,CHIP-200,Potato Chips 200g,60,620,48.0,0,3,Rainy,1,7,0,55.0,62.0
2026-07-22,CHIP-200,Potato Chips 200g,61,620,48.0,0,3,Rainy,2,7,0,76.0,62.714285714285715
2026-07-23,CHIP-200,Potato Chips 200g,64,620,48.0,0,3,Rainy,3,7,0,72.0,60.57142857142857
2026-07-24,CHIP-200,Potato Chips 200g,61,620,48.0,0,3,Rainy,4,7,0,60.0,59.42857142857143
2026-07-25,CHIP-200,Potato Chips 200g,78,620,48.0,0,3,Rainy,5,7,1,54.0,59.57142857142857
2026-07-26,CHIP-200,Potato Chips 200g,66,620,48.0,0,3,Rainy,6,7,1,59.0,63.0
2026-07-27,CHIP-200,Potato Chips 200g,56,620,48.0,0,3,Rainy,0,7,0,58.0,64.0
2026-07-28,CHIP-200,Potato Chips 200g,65,620,48.0,0,3,Rainy,1,7,0,60.0,63.714285714285715
2026-07-29,CHIP-200,Potato Chips 200g,51,620,48.0,0,3,Rainy,2,7,0,61.0,64.42857142857143
2026-01-31,MILK-1L,Milk 1L,137,420,42.0,0,1,Clear,5,1,1,,
2026-02-01,MILK-1L,Milk 1L,153,420,42.0,1,1,Clear,6,2,1,,
2026-02-02,MILK-1L,Milk 1L,128,420,42.0,0,1,Clear,0,2,0,,
2026-02-03,MILK-1L,Milk 1L,131,420,42.0,0,1,Clear,1,2,0,,139.33333333333334
2026-02-04,MILK-1L,Milk 1L,112,420,42.0,0,1,Clear,2,2,0,,137.25
2026-02-05,MILK-1L,Milk 1L,118,420,42.0,0,1,Clear,3,2,0,,132.2
2026-02-06,MILK-1L,Milk 1L,129,420,42.0,0,1,Clear,4,2,0,,129.83333333333334
2026-02-07,MILK-1L,Milk 1L,143,420,42.0,0,1,Clear,5,2,1,137.0,129.71428571428572
2026-02-08,MILK-1L,Milk 1L,147,420,42.0,0,1,Clear,6,2,1,153.0,130.57142857142858
2026-02-09,MILK-1L,Milk 1L,126,420,42.0,0,1,Clear,0,2,0,128.0,129.71428571428572
2026-02-10,MILK-1L,Milk 1L,139,420,42.0,0,1,Clear,1,2,0,131.0,129.42857142857142
2026-02-11,MILK-1L,Milk 1L,140,420,42.0,0,1,Clear,2,2,0,112.0,130.57142857142858
2026-02-12,MILK-1L,Milk 1L,135,420,42.0,0,1,Clear,3,2,0,118.0,134.57142857142858
2026-02-13,MILK-1L,Milk 1L,144,420,42.0,0,1,Clear,4,2,0,129.0,137.0
2026-02-14,MILK-1L,Milk 1L,156,420,42.0,0,1,Clear,5,2,1,143.0,139.14285714285714
2026-02-15,MILK-1L,Milk 1L,175,420,42.0,1,1,Clear,6,2,1,147.0,141.0
2026-02-16,MILK-1L,Milk 1L,140,420,42.0,0,1,Clear,0,2,0,126.0,145.0
2026-02-17,MILK-1L,Milk 1L,131,420,42.0,0,1,Clear,1,2,0,139.0,147.0
2026-02-18,MILK-1L,Milk 1L,144,420,42.0,0,1,Clear,2,2,0,140.0,145.85714285714286
2026-02-19,MILK-1L,Milk 1L,138,420,42.0,0,1,Clear,3,2,0,135.0,146.42857142857142
2026-02-20,MILK-1L,Milk 1L,137,420,42.0,0,1,Clear,4,2,0,144.0,146.85714285714286
2026-02-21,MILK-1L,Milk 1L,150,420,42.0,0,1,Clear,5,2,1,156.0,145.85714285714286
2026-02-22,MILK-1L,Milk 1L,163,420,42.0,0,1,Clear,6,2,1,175.0,145.0
2026-02-23,MILK-1L,Milk 1L,136,420,42.0,0,1,Clear,0,2,0,140.0,143.28571428571428
2026-02-24,MILK-1L,Milk 1L,134,420,42.0,0,1,Clear,1,2,0,131.0,142.71428571428572
2026-02-25,MILK-1L,Milk 1L,134,420,42.0,0,1,Clear,2,2,0,144.0,143.14285714285714
2026-02-26,MILK-1L,Milk 1L,140,420,42.0,0,1,Clear,3,2,0,138.0,141.71428571428572
2026-02-27,MILK-1L,Milk 1L,138,420,42.0,0,1,Clear,4,2,0,137.0,142.0
2026-02-28,MILK-1L,Milk 1L,153,420,42.0,0,1,Clear,5,2,1,150.0,142.14285714285714
2026-03-01,MILK-1L,Milk 1L,179,420,42.0,1,2,Clear,6,3,1,163.0,142.57142857142858
2026-03-02,MILK-1L,Milk 1L,147,420,42.0,0,2,Clear,0,3,0,136.0,144.85714285714286
2026-03-03,MILK-1L,Milk 1L,128,420,42.0,0,2,Clear,1,3,0,134.0,146.42857142857142
2026-03-04,MILK-1L,Milk 1L,126,420,42.0,0,2,Clear,2,3,0,134.0,145.57142857142858
2026-03-05,MILK-1L,Milk 1L,123,420,42.0,0,2,Clear,3,3,0,140.0,144.42857142857142
2026-03-06,MILK-1L,Milk 1L,132,420,42.0,0,2,Clear,4,3,0,138.0,142.0
2026-03-07,MILK-1L,Milk 1L,149,420,42.0,0,2,Clear,5,3,1,153.0,141.14285714285714
2026-03-08,MILK-1L,Milk 1L,139,420,42.0,0,2,Clear,6,3,1,179.0,140.57142857142858
2026-03-09,MILK-1L,Milk 1L,118,420,42.0,0,2,Clear,0,3,0,147.0,134.85714285714286
2026-03-10,MILK-1L,Milk 1L,116,420,42.0,0,2,Clear,1,3,0,128.0,130.71428571428572
2026-03-11,MILK-1L,Milk 1L,125,420,42.0,0,2,Clear,2,3,0,126.0,129.0
2026-03-12,MILK-1L,Milk 1L,125,420,42.0,0,2,Clear,3,3,0,123.0,128.85714285714286
2026-03-13,MILK-1L,Milk 1L,122,420,42.0,0,2,Clear,4,3,0,132.0,129.14285714285714
2026-03-14,MILK-1L,Milk 1L,126,420,42.0,0,2,Clear,5,3,1,149.0,127.71428571428571
2026-03-15,MILK-1L,Milk 1L,154,420,42.0,1,2,Clear,6,3,1,139.0,124.42857142857143
2026-03-16,MILK-1L,Milk 1L,115,420,42.0,0,2,Clear,0,3,0,118.0,126.57142857142857
2026-03-17,MILK-1L,Milk 1L,115,420,42.0,0,2,Clear,1,3,0,116.0,126.14285714285714
2026-03-18,MILK-1L,Milk 1L,118,420,42.0,0,2,Clear,2,3,0,125.0,126.0
2026-03-19,MILK-1L,Milk 1L,113,420,42.0,0,2,Clear,3,3,0,125.0,125.0
2026-03-20,MILK-1L,Milk 1L,115,420,42.0,0,2,Clear,4,3,0,122.0,123.28571428571429
2026-03-21,MILK-1L,Milk 1L,123,420,42.0,0,2,Clear,5,3,1,126.0,122.28571428571429
2026-03-22,MILK-1L,Milk 1L,124,420,42.0,0,2,Clear,6,3,1,154.0,121.85714285714286
2026-03-23,MILK-1L,Milk 1L,112,420,42.0,0,2,Clear,0,3,0,115.0,117.57142857142857
2026-03-24,MILK-1L,Milk 1L,97,420,42.0,0,2,Clear,1,3,0,115.0,117.14285714285714
2026-03-25,MILK-1L,Milk 1L,105,420,42.0,0,2,Clear,2,3,0,118.0,114.57142857142857
2026-03-26,MILK-1L,Milk 1L,103,420,42.0,0,2,Clear,3,3,0,113.0,112.71428571428571
2026-03-27,MILK-1L,Milk 1L,102,420,42.0,0,2,Clear,4,3,0,115.0,111.28571428571429
2026-03-28,MILK-1L,Milk 1L,117,420,42.0,0,2,Clear,5,3,1,123.0,109.42857142857143
2026-03-29,MILK-1L,Milk 1L,130,420,42.0,0,2,Clear,6,3,1,124.0,108.57142857142857
2026-03-30,MILK-1L,Milk 1L,101,420,42.0,0,2,Clear,0,3,0,112.0,109.42857142857143
2026-03-31,MILK-1L,Milk 1L,114,420,42.0,0,2,Clear,1,3,0,97.0,107.85714285714286
2026-04-01,MILK-1L,Milk 1L,115,420,42.0,1,2,Clear,2,4,0,105.0,110.28571428571429
2026-04-02,MILK-1L,Milk 1L,106,420,42.0,0,2,Clear,3,4,0,103.0,111.71428571428571
2026-04-03,MILK-1L,Milk 1L,110,420,42.0,0,2,Clear,4,4,0,102.0,112.14285714285714
2026-04-04,MILK-1L,Milk 1L,126,420,42.0,0,2,Clear,5,4,1,117.0,113.28571428571429
2026-04-05,MILK-1L,Milk 1L,128,420,42.0,0,2,Clear,6,4,1,130.0,114.57142857142857
2026-04-06,MILK-1L,Milk 1L,117,420,42.0,0,2,Clear,0,4,0,101.0,114.28571428571429
2026-04-07,MILK-1L,Milk 1L,110,420,42.0,0,2,Clear,1,4,0,114.0,116.57142857142857
2026-04-08,MILK-1L,Milk 1L,110,420,42.0,0,2,Clear,2,4,0,115.0,116.0
2026-04-09,MILK-1L,Milk 1L,120,420,42.0,0,2,Clear,3,4,0,106.0,115.28571428571429
2026-04-10,MILK-1L,Milk 1L,114,420,42.0,0,2,Clear,4,4,0,110.0,117.28571428571429
2026-04-11,MILK-1L,Milk 1L,122,420,42.0,0,2,Clear,5,4,1,126.0,117.85714285714286
2026-04-12,MILK-1L,Milk 1L,125,420,42.0,0,2,Clear,6,4,1,128.0,117.28571428571429
2026-04-13,MILK-1L,Milk 1L,113,420,42.0,0,2,Clear,0,4,0,117.0,116.85714285714286
2026-04-14,MILK-1L,Milk 1L,125,420,42.0,0,2,Clear,1,4,0,110.0,116.28571428571429
2026-04-15,MILK-1L,Milk 1L,146,420,42.0,1,2,Clear,2,4,0,110.0,118.42857142857143
2026-04-16,MILK-1L,Milk 1L,129,420,42.0,0,2,Clear,3,4,0,120.0,123.57142857142857
2026-04-17,MILK-1L,Milk 1L,123,420,42.0,0,2,Clear,4,4,0,114.0,124.85714285714286
2026-04-18,MILK-1L,Milk 1L,144,420,42.0,0,2,Clear,5,4,1,122.0,126.14285714285714
2026-04-19,MILK-1L,Milk 1L,149,420,42.0,0,2,Clear,6,4,1,125.0,129.28571428571428
2026-04-20,MILK-1L,Milk 1L,128,420,42.0,0,2,Clear,0,4,0,113.0,132.71428571428572
2026-04-21,MILK-1L,Milk 1L,135,420,42.0,0,2,Clear,1,4,0,125.0,134.85714285714286
2026-04-22,MILK-1L,Milk 1L,129,420,42.0,0,2,Clear,2,4,0,146.0,136.28571428571428
2026-04-23,MILK-1L,Milk 1L,132,420,42.0,0,2,Clear,3,4,0,129.0,133.85714285714286
2026-04-24,MILK-1L,Milk 1L,133,420,42.0,0,2,Clear,4,4,0,123.0,134.28571428571428
2026-04-25,MILK-1L,Milk 1L,145,420,42.0,0,2,Clear,5,4,1,144.0,135.71428571428572
2026-04-26,MILK-1L,Milk 1L,158,420,42.0,0,2,Clear,6,4,1,149.0,135.85714285714286
2026-04-27,MILK-1L,Milk 1L,136,420,42.0,0,2,Clear,0,4,0,128.0,137.14285714285714
2026-04-28,MILK-1L,Milk 1L,140,420,42.0,0,2,Clear,1,4,0,135.0,138.28571428571428
2026-04-29,MILK-1L,Milk 1L,145,420,42.0,0,2,Clear,2,4,0,129.0,139.0
2026-04-30,MILK-1L,Milk 1L,145,420,42.0,0,2,Clear,3,4,0,132.0,141.28571428571428
2026-05-01,MILK-1L,Milk 1L,173,420,42.0,1,2,Clear,4,5,0,133.0,143.14285714285714
2026-05-02,MILK-1L,Milk 1L,160,420,42.0,0,2,Clear,5,5,1,145.0,148.85714285714286
2026-05-03,MILK-1L,Milk 1L,158,420,42.0,0,2,Clear,6,5,1,158.0,151.0
2026-05-04,MILK-1L,Milk 1L,143,420,42.0,0,2,Clear,0,5,0,136.0,151.0
2026-05-05,MILK-1L,Milk 1L,132,420,42.0,0,2,Clear,1,5,0,140.0,152.0
2026-05-06,MILK-1L,Milk 1L,134,420,42.0,0,2,Clear,2,5,0,145.0,150.85714285714286
2026-05-07,MILK-1L,Milk 1L,135,420,42.0,0,2,Clear,3,5,0,145.0,149.28571428571428
2026-05-08,MILK-1L,Milk 1L,137,420,42.0,0,2,Clear,4,5,0,173.0,147.85714285714286
2026-05-09,MILK-1L,Milk 1L,163,420,42.0,0,2,Clear,5,5,1,160.0,142.71428571428572
2026-05-10,MILK-1L,Milk 1L,154,420,42.0,0,2,Clear,6,5,1,158.0,143.14285714285714
2026-05-11,MILK-1L,Milk 1L,140,420,42.0,0,2,Clear,0,5,0,143.0,142.57142857142858
2026-05-12,MILK-1L,Milk 1L,151,420,42.0,0,2,Clear,1,5,0,132.0,142.14285714285714
2026-05-13,MILK-1L,Milk 1L,138,420,42.0,0,2,Clear,2,5,0,134.0,144.85714285714286
2026-05-14,MILK-1L,Milk 1L,145,420,42.0,0,2,Clear,3,5,0,135.0,145.42857142857142
2026-05-15,MILK-1L,Milk 1L,158,420,42.0,1,2,Clear,4,5,0,137.0,146.85714285714286
2026-05-16,MILK-1L,Milk 1L,153,420,42.0,0,2,Clear,5,5,1,163.0,149.85714285714286
2026-05-17,MILK-1L,Milk 1L,147,420,42.0,0,2,Clear,6,5,1,154.0,148.42857142857142
2026-05-18,MILK-1L,Milk 1L,133,420,42.0,0,2,Clear,0,5,0,140.0,147.42857142857142
2026-05-19,MILK-1L,Milk 1L,140,420,42.0,0,2,Clear,1,5,0,151.0,146.42857142857142
2026-05-20,MILK-1L,Milk 1L,121,420,42.0,0,2,Clear,2,5,0,138.0,144.85714285714286
2026-05-21,MILK-1L,Milk 1L,135,420,42.0,0,2,Clear,3,5,0,145.0,142.42857142857142
2026-05-22,MILK-1L,Milk 1L,132,420,42.0,0,2,Clear,4,5,0,158.0,141.0
2026-05-23,MILK-1L,Milk 1L,140,420,42.0,0,2,Clear,5,5,1,153.0,137.28571428571428
2026-05-24,MILK-1L,Milk 1L,133,420,42.0,0,2,Clear,6,5,1,147.0,135.42857142857142
2026-05-25,MILK-1L,Milk 1L,127,420,42.0,0,2,Clear,0,5,0,133.0,133.42857142857142
2026-05-26,MILK-1L,Milk 1L,121,420,42.0,0,2,Clear,1,5,0,140.0,132.57142857142858
2026-05-27,MILK-1L,Milk 1L,125,420,42.0,0,2,Clear,2,5,0,121.0,129.85714285714286
2026-05-28,MILK-1L,Milk 1L,122,420,42.0,0,2,Clear,3,5,0,135.0,130.42857142857142
2026-05-29,MILK-1L,Milk 1L,132,420,42.0,0,2,Clear,4,5,0,132.0,128.57142857142858
2026-05-30,MILK-1L,Milk 1L,132,420,42.0,0,2,Clear,5,5,1,140.0,128.57142857142858
2026-05-31,MILK-1L,Milk 1L,125,420,42.0,0,2,Clear,6,5,1,133.0,127.42857142857143
2026-06-01,MILK-1L,Milk 1L,139,420,42.0,1,3,Rainy,0,6,0,127.0,126.28571428571429
2026-06-02,MILK-1L,Milk 1L,118,420,42.0,0,3,Rainy,1,6,0,121.0,128.0
2026-06-03,MILK-1L,Milk 1L,125,420,42.0,0,3,Rainy,2,6,0,125.0,127.57142857142857
2026-06-04,MILK-1L,Milk 1L,120,420,42.0,0,3,Rainy,3,6,0,122.0,127.57142857142857
2026-06-05,MILK-1L,Milk 1L,116,420,42.0,0,3,Rainy,4,6,0,132.0,127.28571428571429
2026-06-06,MILK-1L,Milk 1L,136,420,42.0,0,3,Rainy,5,6,1,132.0,125.0
2026-06-07,MILK-1L,Milk 1L,117,420,42.0,0,3,Rainy,6,6,1,125.0,125.57142857142857
2026-06-08,MILK-1L,Milk 1L,107,420,42.0,0,3,Rainy,0,6,0,139.0,124.42857142857143
2026-06-09,MILK-1L,Milk 1L,105,420,42.0,0,3,Rainy,1,6,0,118.0,119.85714285714286
2026-06-10,MILK-1L,Milk 1L,108,420,42.0,0,3,Rainy,2,6,0,125.0,118.0
2026-06-11,MILK-1L,Milk 1L,101,420,42.0,0,3,Rainy,3,6,0,120.0,115.57142857142857
2026-06-12,MILK-1L,Milk 1L,115,420,42.0,0,3,Rainy,4,6,0,116.0,112.85714285714286
2026-06-13,MILK-1L,Milk 1L,123,420,42.0,0,3,Rainy,5,6,1,136.0,112.71428571428571
2026-06-14,MILK-1L,Milk 1L,114,420,42.0,0,3,Rainy,6,6,1,117.0,110.85714285714286
2026-06-15,MILK-1L,Milk 1L,124,420,42.0,1,3,Rainy,0,6,0,107.0,110.42857142857143
2026-06-16,MILK-1L,Milk 1L,114,420,42.0,0,3,Rainy,1,6,0,105.0,112.85714285714286
2026-06-17,MILK-1L,Milk 1L,119,420,42.0,0,3,Rainy,2,6,0,108.0,114.14285714285714
2026-06-18,MILK-1L,Milk 1L,127,420,42.0,0,3,Rainy,3,6,0,101.0,115.71428571428571
2026-06-19,MILK-1L,Milk 1L,135,420,42.0,0,3,Rainy,4,6,0,115.0,119.42857142857143
2026-06-20,MILK-1L,Milk 1L,132,420,42.0,0,3,Rainy,5,6,1,123.0,122.28571428571429
2026-06-21,MILK-1L,Milk 1L,123,420,42.0,0,3,Rainy,6,6,1,114.0,123.57142857142857
2026-06-22,MILK-1L,Milk 1L,102,420,42.0,0,3,Rainy,0,6,0,124.0,124.85714285714286
2026-06-23,MILK-1L,Milk 1L,120,420,42.0,0,3,Rainy,1,6,0,114.0,121.71428571428571
2026-06-24,MILK-1L,Milk 1L,114,420,42.0,0,3,Rainy,2,6,0,119.0,122.57142857142857
2026-06-25,MILK-1L,Milk 1L,118,420,42.0,0,3,Rainy,3,6,0,127.0,121.85714285714286
2026-06-26,MILK-1L,Milk 1L,118,420,42.0,0,3,Rainy,4,6,0,135.0,120.57142857142857
2026-06-27,MILK-1L,Milk 1L,138,420,42.0,0,3,Rainy,5,6,1,132.0,118.14285714285714
2026-06-28,MILK-1L,Milk 1L,148,420,42.0,0,3,Rainy,6,6,1,123.0,119.0
2026-06-29,MILK-1L,Milk 1L,128,420,42.0,0,3,Rainy,0,6,0,102.0,122.57142857142857
2026-06-30,MILK-1L,Milk 1L,128,420,42.0,0,3,Rainy,1,6,0,120.0,126.28571428571429
2026-07-01,MILK-1L,Milk 1L,147,420,42.0,1,3,Rainy,2,7,0,114.0,127.42857142857143
2026-07-02,MILK-1L,Milk 1L,120,420,42.0,0,3,Rainy,3,7,0,118.0,132.14285714285714
2026-07-03,MILK-1L,Milk 1L,130,420,42.0,0,3,Rainy,4,7,0,118.0,132.42857142857142
2026-07-04,MILK-1L,Milk 1L,151,420,42.0,0,3,Rainy,5,7,1,138.0,134.14285714285714
2026-07-05,MILK-1L,Milk 1L,165,420,42.0,0,3,Rainy,6,7,1,148.0,136.0
2026-07-06,MILK-1L,Milk 1L,139,420,42.0,0,3,Rainy,0,7,0,128.0,138.42857142857142
2026-07-07,MILK-1L,Milk 1L,146,420,42.0,0,3,Rainy,1,7,0,128.0,140.0
2026-07-08,MILK-1L,Milk 1L,137,420,42.0,0,3,Rainy,2,7,0,147.0,142.57142857142858
2026-07-09,MILK-1L,Milk 1L,134,420,42.0,0,3,Rainy,3,7,0,120.0,141.14285714285714
2026-07-10,MILK-1L,Milk 1L,137,420,42.0,0,3,Rainy,4,7,0,130.0,143.14285714285714
2026-07-11,MILK-1L,Milk 1L,157,420,42.0,0,3,Rainy,5,7,1,151.0,144.14285714285714
2026-07-12,MILK-1L,Milk 1L,178,420,42.0,0,3,Rainy,6,7,1,165.0,145.0
2026-07-13,MILK-1L,Milk 1L,141,420,42.0,0,3,Rainy,0,7,0,139.0,146.85714285714286
2026-07-14,MILK-1L,Milk 1L,153,420,42.0,0,3,Rainy,1,7,0,146.0,147.14285714285714
2026-07-15,MILK-1L,Milk 1L,168,420,42.0,1,3,Rainy,2,7,0,137.0,148.14285714285714
2026-07-16,MILK-1L,Milk 1L,155,420,42.0,0,3,Rainy,3,7,0,134.0,152.57142857142858
2026-07-17,MILK-1L,Milk 1L,152,420,42.0,0,3,Rainy,4,7,0,137.0,155.57142857142858
2026-07-18,MILK-1L,Milk 1L,166,420,42.0,0,3,Rainy,5,7,1,157.0,157.71428571428572
2026-07-19,MILK-1L,Milk 1L,167,420,42.0,0,3,Rainy,6,7,1,178.0,159.0
2026-07-20,MILK-1L,Milk 1L,145,420,42.0,0,3,Rainy,0,7,0,141.0,157.42857142857142
2026-07-21,MILK-1L,Milk 1L,153,420,42.0,0,3,Rainy,1,7,0,153.0,158.0
2026-07-22,MILK-1L,Milk 1L,146,420,42.0,0,3,Rainy,2,7,0,168.0,158.0
2026-07-23,MILK-1L,Milk 1L,141,420,42.0,0,3,Rainy,3,7,0,155.0,154.85714285714286
2026-07-24,MILK-1L,Milk 1L,140,420,42.0,0,3,Rainy,4,7,0,152.0,152.85714285714286
2026-07-25,MILK-1L,Milk 1L,167,420,42.0,0,3,Rainy,5,7,1,166.0,151.14285714285714
2026-07-26,MILK-1L,Milk 1L,176,420,42.0,0,3,Rainy,6,7,1,167.0,151.28571428571428
2026-07-27,MILK-1L,Milk 1L,148,420,42.0,0,3,Rainy,0,7,0,145.0,152.57142857142858
2026-07-28,MILK-1L,Milk 1L,145,420,42.0,0,3,Rainy,1,7,0,153.0,153.0
2026-07-29,MILK-1L,Milk 1L,147,420,42.0,0,3,Rainy,2,7,0,146.0,151.85714285714286
2026-01-31,RICE-5K,Rice 5kg,74,300,360.0,0,1,Clear,5,1,1,,
2026-02-01,RICE-5K,Rice 5kg,79,300,360.0,1,1,Clear,6,2,1,,
2026-02-02,RICE-5K,Rice 5kg,57,300,360.0,0,1,Clear,0,2,0,,
2026-02-03,RICE-5K,Rice 5kg,68,300,360.0,0,1,Clear,1,2,0,,70.0
2026-02-04,RICE-5K,Rice 5kg,64,300,360.0,0,1,Clear,2,2,0,,69.5
2026-02-05,RICE-5K,Rice 5kg,72,300,360.0,0,1,Clear,3,2,0,,68.4
2026-02-06,RICE-5K,Rice 5kg,63,300,360.0,0,1,Clear,4,2,0,,69.0
2026-02-07,RICE-5K,Rice 5kg,62,300,360.0,0,1,Clear,5,2,1,74.0,68.14285714285714
2026-02-08,RICE-5K,Rice 5kg,61,300,360.0,0,1,Clear,6,2,1,79.0,66.42857142857143
2026-02-09,RICE-5K,Rice 5kg,75,300,360.0,0,1,Clear,0,2,0,57.0,63.857142857142854
2026-02-10,RICE-5K,Rice 5kg,76,300,360.0,0,1,Clear,1,2,0,68.0,66.42857142857143
2026-02-11,RICE-5K,Rice 5kg,64,300,360.0,0,1,Clear,2,2,0,64.0,67.57142857142857
2026-02-12,RICE-5K,Rice 5kg,63,300,360.0,0,1,Clear,3,2,0,72.0,67.57142857142857
2026-02-13,RICE-5K,Rice 5kg,76,300,360.0,0,1,Clear,4,2,0,63.0,66.28571428571429
2026-02-14,RICE-5K,Rice 5kg,66,300,360.0,0,1,Clear,5,2,1,62.0,68.14285714285714
2026-02-15,RICE-5K,Rice 5kg,81,300,360.0,1,1,Clear,6,2,1,61.0,68.71428571428571
2026-02-16,RICE-5K,Rice 5kg,71,300,360.0,0,1,Clear,0,2,0,75.0,71.57142857142857
2026-02-17,RICE-5K,Rice 5kg,64,300,360.0,0,1,Clear,1,2,0,76.0,71.0
2026-02-18,RICE-5K,Rice 5kg,67,300,360.0,0,1,Clear,2,2,0,64.0,69.28571428571429
2026-02-19,RICE-5K,Rice 5kg,66,300,360.0,0,1,Clear,3,2,0,63.0,69.71428571428571
2026-02-20,RICE-5K,Rice 5kg,69,300,360.0,0,1,Clear,4,2,0,76.0,70.14285714285714
2026-02-21,RICE-5K,Rice 5kg,85,300,360.0,0,1,Clear,5,2,1,66.0,69.14285714285714
2026-02-22,RICE-5K,Rice 5kg,75,300,360.0,0,1,Clear,6,2,1,81.0,71.85714285714286
2026-02-23,RICE-5K,Rice 5kg,71,300,360.0,0,1,Clear,0,2,0,71.0,71.0
2026-02-24,RICE-5K,Rice 5kg,52,300,360.0,0,1,Clear,1,2,0,64.0,71.0
2026-02-25,RICE-5K,Rice 5kg,66,300,360.0,0,1,Clear,2,2,0,67.0,69.28571428571429
2026-02-26,RICE-5K,Rice 5kg,60,300,360.0,0,1,Clear,3,2,0,66.0,69.14285714285714
2026-02-27,RICE-5K,Rice 5kg,57,300,360.0,0,1,Clear,4,2,0,69.0,68.28571428571429
2026-02-28,RICE-5K,Rice 5kg,67,300,360.0,0,1,Clear,5,2,1,85.0,66.57142857142857
2026-03-01,RICE-5K,Rice 5kg,83,300,360.0,1,2,Clear,6,3,1,75.0,64.0
2026-03-02,RICE-5K,Rice 5kg,70,300,360.0,0,2,Clear,0,3,0,71.0,65.14285714285714
2026-03-03,RICE-5K,Rice 5kg,54,300,360.0,0,2,Clear,1,3,0,52.0,65.0
2026-03-04,RICE-5K,Rice 5kg,63,300,360.0,0,2,Clear,2,3,0,66.0,65.28571428571429
2026-03-05,RICE-5K,Rice 5kg,59,300,360.0,0,2,Clear,3,3,0,60.0,64.85714285714286
2026-03-06,RICE-5K,Rice 5kg,59,300,360.0,0,2,Clear,4,3,0,57.0,64.71428571428571
2026-03-07,RICE-5K,Rice 5kg,75,300,360.0,0,2,Clear,5,3,1,67.0,65.0
2026-03-08,RICE-5K,Rice 5kg,71,300,360.0,0,2,Clear,6,3,1,83.0,66.14285714285714
2026-03-09,RICE-5K,Rice 5kg,69,300,360.0,0,2,Clear,0,3,0,70.0,64.42857142857143
2026-03-10,RICE-5K,Rice 5kg,58,300,360.0,0,2,Clear,1,3,0,54.0,64.28571428571429
2026-03-11,RICE-5K,Rice 5kg,53,300,360.0,0,2,Clear,2,3,0,63.0,64.85714285714286
2026-03-12,RICE-5K,Rice 5kg,56,300,360.0,0,2,Clear,3,3,0,59.0,63.42857142857143
2026-03-13,RICE-5K,Rice 5kg,59,300,360.0,0,2,Clear,4,3,0,59.0,63.0
2026-03-14,RICE-5K,Rice 5kg,64,300,360.0,0,2,Clear,5,3,1,75.0,63.0
2026-03-15,RICE-5K,Rice 5kg,66,300,360.0,1,2,Clear,6,3,1,71.0,61.42857142857143
2026-03-16,RICE-5K,Rice 5kg,56,300,360.0,0,2,Clear,0,3,0,69.0,60.714285714285715
2026-03-17,RICE-5K,Rice 5kg,56,300,360.0,0,2,Clear,1,3,0,58.0,58.857142857142854
2026-03-18,RICE-5K,Rice 5kg,72,300,360.0,0,2,Clear,2,3,0,53.0,58.57142857142857
2026-03-19,RICE-5K,Rice 5kg,67,300,360.0,0,2,Clear,3,3,0,56.0,61.285714285714285
2026-03-20,RICE-5K,Rice 5kg,47,300,360.0,0,2,Clear,4,3,0,59.0,62.857142857142854
2026-03-21,RICE-5K,Rice 5kg,57,300,360.0,0,2,Clear,5,3,1,64.0,61.142857142857146
2026-03-22,RICE-5K,Rice 5kg,49,300,360.0,0,2,Clear,6,3,1,66.0,60.142857142857146
2026-03-23,RICE-5K,Rice 5kg,48,300,360.0,0,2,Clear,0,3,0,56.0,57.714285714285715
2026-03-24,RICE-5K,Rice 5kg,54,300,360.0,0,2,Clear,1,3,0,56.0,56.57142857142857
2026-03-25,RICE-5K,Rice 5kg,60,300,360.0,0,2,Clear,2,3,0,72.0,56.285714285714285
2026-03-26,RICE-5K,Rice 5kg,46,300,360.0,0,2,Clear,3,3,0,67.0,54.57142857142857
2026-03-27,RICE-5K,Rice 5kg,47,300,360.0,0,2,Clear,4,3,0,47.0,51.57142857142857
2026-03-28,RICE-5K,Rice 5kg,43,300,360.0,0,2,Clear,5,3,1,57.0,51.57142857142857
2026-03-29,RICE-5K,Rice 5kg,57,300,360.0,0,2,Clear,6,3,1,49.0,49.57142857142857
2026-03-30,RICE-5K,Rice 5kg,44,300,360.0,0,2,Clear,0,3,0,48.0,50.714285714285715
2026-03-31,RICE-5K,Rice 5kg,48,300,360.0,0,2,Clear,1,3,0,54.0,50.142857142857146
2026-04-01,RICE-5K,Rice 5kg,55,300,360.0,1,2,Clear,2,4,0,60.0,49.285714285714285
2026-04-02,RICE-5K,Rice 5kg,51,300,360.0,0,2,Clear,3,4,0,46.0,48.57142857142857
2026-04-03,RICE-5K,Rice 5kg,40,300,360.0,0,2,Clear,4,4,0,47.0,49.285714285714285
2026-04-04,RICE-5K,Rice 5kg,49,300,360.0,0,2,Clear,5,4,1,43.0,48.285714285714285
2026-04-05,RICE-5K,Rice 5kg,75,300,360.0,0,2,Clear,6,4,1,57.0,49.142857142857146
2026-04-06,RICE-5K,Rice 5kg,45,300,360.0,0,2,Clear,0,4,0,44.0,51.714285714285715
2026-04-07,RICE-5K,Rice 5kg,47,300,360.0,0,2,Clear,1,4,0,48.0,51.857142857142854
2026-04-08,RICE-5K,Rice 5kg,68,300,360.0,0,2,Clear,2,4,0,55.0,51.714285714285715
2026-04-09,RICE-5K,Rice 5kg,76,300,360.0,0,2,Clear,3,4,0,51.0,53.57142857142857
2026-04-10,RICE-5K,Rice 5kg,48,300,360.0,0,2,Clear,4,4,0,40.0,57.142857142857146
2026-04-11,RICE-5K,Rice 5kg,61,300,360.0,0,2,Clear,5,4,1,49.0,58.285714285714285
2026-04-12,RICE-5K,Rice 5kg,67,300,360.0,0,2,Clear,6,4,1,75.0,60.0
2026-04-13,RICE-5K,Rice 5kg,70,300,360.0,0,2,Clear,0,4,0,45.0,58.857142857142854
2026-04-14,RICE-5K,Rice 5kg,52,300,360.0,0,2,Clear,1,4,0,47.0,62.42857142857143
2026-04-15,RICE-5K,Rice 5kg,68,300,360.0,1,2,Clear,2,4,0,68.0,63.142857142857146
2026-04-16,RICE-5K,Rice 5kg,66,300,360.0,0,2,Clear,3,4,0,76.0,63.142857142857146
2026-04-17,RICE-5K,Rice 5kg,64,300,360.0,0,2,Clear,4,4,0,48.0,61.714285714285715
2026-04-18,RICE-5K,Rice 5kg,66,300,360.0,0,2,Clear,5,4,1,61.0,64.0
2026-04-19,RICE-5K,Rice 5kg,69,300,360.0,0,2,Clear,6,4,1,67.0,64.71428571428571
2026-04-20,RICE-5K,Rice 5kg,53,300,360.0,0,2,Clear,0,4,0,70.0,65.0
2026-04-21,RICE-5K,Rice 5kg,62,300,360.0,0,2,Clear,1,4,0,52.0,62.57142857142857
2026-04-22,RICE-5K,Rice 5kg,63,300,360.0,0,2,Clear,2,4,0,68.0,64.0
2026-04-23,RICE-5K,Rice 5kg,67,300,360.0,0,2,Clear,3,4,0,66.0,63.285714285714285
2026-04-24,RICE-5K,Rice 5kg,62,300,360.0,0,2,Clear,4,4,0,64.0,63.42857142857143
2026-04-25,RICE-5K,Rice 5kg,78,300,360.0,0,2,Clear,5,4,1,66.0,63.142857142857146
2026-04-26,RICE-5K,Rice 5kg,82,300,360.0,0,2,Clear,6,4,1,69.0,64.85714285714286
2026-04-27,RICE-5K,Rice 5kg,68,300,360.0,0,2,Clear,0,4,0,53.0,66.71428571428571
2026-04-28,RICE-5K,Rice 5kg,70,300,360.0,0,2,Clear,1,4,0,62.0,68.85714285714286
2026-04-29,RICE-5K,Rice 5kg,69,300,360.0,0,2,Clear,2,4,0,63.0,70.0
2026-04-30,RICE-5K,Rice 5kg,69,300,360.0,0,2,Clear,3,4,0,67.0,70.85714285714286
2026-05-01,RICE-5K,Rice 5kg,76,300,360.0,1,2,Clear,4,5,0,62.0,71.14285714285714
2026-05-02,RICE-5K,Rice 5kg,80,300,360.0,0,2,Clear,5,5,1,78.0,73.14285714285714
2026-05-03,RICE-5K,Rice 5kg,77,300,360.0,0,2,Clear,6,5,1,82.0,73.42857142857143
2026-05-04,RICE-5K,Rice 5kg,84,300,360.0,0,2,Clear,0,5,0,68.0,72.71428571428571
2026-05-05,RICE-5K,Rice 5kg,81,300,360.0,0,2,Clear,1,5,0,70.0,75.0
2026-05-06,RICE-5K,Rice 5kg,72,300,360.0,0,2,Clear,2,5,0,69.0,76.57142857142857
2026-05-07,RICE-5K,Rice 5kg,64,300,360.0,0,2,Clear,3,5,0,69.0,77.0
2026-05-08,RICE-5K,Rice 5kg,62,300,360.0,0,2,Clear,4,5,0,76.0,76.28571428571429
2026-05-09,RICE-5K,Rice 5kg,86,300,360.0,0,2,Clear,5,5,1,80.0,74.28571428571429
2026-05-10,RICE-5K,Rice 5kg,79,300,360.0,0,2,Clear,6,5,1,77.0,75.14285714285714
2026-05-11,RICE-5K,Rice 5kg,72,300,360.0,0,2,Clear,0,5,0,84.0,75.42857142857143
2026-05-12,RICE-5K,Rice 5kg,56,300,360.0,0,2,Clear,1,5,0,81.0,73.71428571428571
2026-05-13,RICE-5K,Rice 5kg,75,300,360.0,0,2,Clear,2,5,0,72.0,70.14285714285714
2026-05-14,RICE-5K,Rice 5kg,71,300,360.0,0,2,Clear,3,5,0,64.0,70.57142857142857
2026-05-15,RICE-5K,Rice 5kg,72,300,360.0,1,2,Clear,4,5,0,62.0,71.57142857142857
2026-05-16,RICE-5K,Rice 5kg,71,300,360.0,0,2,Clear,5,5,1,86.0,73.0
2026-05-17,RICE-5K,Rice 5kg,76,300,360.0,0,2,Clear,6,5,1,79.0,70.85714285714286
2026-05-18,RICE-5K,Rice 5kg,66,300,360.0,0,2,Clear,0,5,0,72.0,70.42857142857143
2026-05-19,RICE-5K,Rice 5kg,63,300,360.0,0,2,Clear,1,5,0,56.0,69.57142857142857
2026-05-20,RICE-5K,Rice 5kg,64,300,360.0,0,2,Clear,2,5,0,75.0,70.57142857142857
2026-05-21,RICE-5K,Rice 5kg,62,300,360.0,0,2,Clear,3,5,0,71.0,69.0
2026-05-22,RICE-5K,Rice 5kg,64,300,360.0,0,2,Clear,4,5,0,72.0,67.71428571428571
2026-05-23,RICE-5K,Rice 5kg,80,300,360.0,0,2,Clear,5,5,1,71.0,66.57142857142857
2026-05-24,RICE-5K,Rice 5kg,51,300,360.0,0,2,Clear,6,5,1,76.0,67.85714285714286
2026-05-25,RICE-5K,Rice 5kg,59,300,360.0,0,2,Clear,0,5,0,66.0,64.28571428571429
2026-05-26,RICE-5K,Rice 5kg,62,300,360.0,0,2,Clear,1,5,0,63.0,63.285714285714285
2026-05-27,RICE-5K,Rice 5kg,62,300,360.0,0,2,Clear,2,5,0,64.0,63.142857142857146
2026-05-28,RICE-5K,Rice 5kg,56,300,360.0,0,2,Clear,3,5,0,62.0,62.857142857142854
2026-05-29,RICE-5K,Rice 5kg,46,300,360.0,0,2,Clear,4,5,0,64.0,62.0
2026-05-30,RICE-5K,Rice 5kg,67,300,360.0,0,2,Clear,5,5,1,80.0,59.42857142857143
2026-05-31,RICE-5K,Rice 5kg,76,300,360.0,0,2,Clear,6,5,1,51.0,57.57142857142857
2026-06-01,RICE-5K,Rice 5kg,56,300,360.0,1,3,Rainy,0,6,0,59.0,61.142857142857146
2026-06-02,RICE-5K,Rice 5kg,62,300,360.0,0,3,Rainy,1,6,0,62.0,60.714285714285715
2026-06-03,RICE-5K,Rice 5kg,53,300,360.0,0,3,Rainy,2,6,0,62.0,60.714285714285715
2026-06-04,RICE-5K,Rice 5kg,55,300,360.0,0,3,Rainy,3,6,0,56.0,59.42857142857143
2026-06-05,RICE-5K,Rice 5kg,47,300,360.0,0,3,Rainy,4,6,0,46.0,59.285714285714285
2026-06-06,RICE-5K,Rice 5kg,59,300,360.0,0,3,Rainy,5,6,1,67.0,59.42857142857143
2026-06-07,RICE-5K,Rice 5kg,70,300,360.0,0,3,Rainy,6,6,1,76.0,58.285714285714285
2026-06-08,RICE-5K,Rice 5kg,58,300,360.0,0,3,Rainy,0,6,0,56.0,57.42857142857143
2026-06-09,RICE-5K,Rice 5kg,66,300,360.0,0,3,Rainy,1,6,0,62.0,57.714285714285715
2026-06-10,RICE-5K,Rice 5kg,62,300,360.0,0,3,Rainy,2,6,0,53.0,58.285714285714285
2026-06-11,RICE-5K,Rice 5kg,57,300,360.0,0,3,Rainy,3,6,0,55.0,59.57142857142857
2026-06-12,RICE-5K,Rice 5kg,66,300,360.0,0,3,Rainy,4,6,0,47.0,59.857142857142854
2026-06-13,RICE-5K,Rice 5kg,63,300,360.0,0,3,Rainy,5,6,1,59.0,62.57142857142857
2026-06-14,RICE-5K,Rice 5kg,66,300,360.0,0,3,Rainy,6,6,1,70.0,63.142857142857146
2026-06-15,RICE-5K,Rice 5kg,62,300,360.0,1,3,Rainy,0,6,0,58.0,62.57142857142857
2026-06-16,RICE-5K,Rice 5kg,55,300,360.0,0,3,Rainy,1,6,0,66.0,63.142857142857146
2026-06-17,RICE-5K,Rice 5kg,50,300,360.0,0,3,Rainy,2,6,0,62.0,61.57142857142857
2026-06-18,RICE-5K,Rice 5kg,62,300,360.0,0,3,Rainy,3,6,0,57.0,59.857142857142854
2026-06-19,RICE-5K,Rice 5kg,47,300,360.0,0,3,Rainy,4,6,0,66.0,60.57142857142857
2026-06-20,RICE-5K,Rice 5kg,68,300,360.0,0,3,Rainy,5,6,1,63.0,57.857142857142854
2026-06-21,RICE-5K,Rice 5kg,62,300,360.0,0,3,Rainy,6,6,1,66.0,58.57142857142857
2026-06-22,RICE-5K,Rice 5kg,65,300,360.0,0,3,Rainy,0,6,0,62.0,58.0
2026-06-23,RICE-5K,Rice 5kg,63,300,360.0,0,3,Rainy,1,6,0,55.0,58.42857142857143
2026-06-24,RICE-5K,Rice 5kg,71,300,360.0,0,3,Rainy,2,6,0,50.0,59.57142857142857
2026-06-25,RICE-5K,Rice 5kg,64,300,360.0,0,3,Rainy,3,6,0,62.0,62.57142857142857
2026-06-26,RICE-5K,Rice 5kg,48,300,360.0,0,3,Rainy,4,6,0,47.0,62.857142857142854
2026-06-27,RICE-5K,Rice 5kg,67,300,360.0,0,3,Rainy,5,6,1,68.0,63.0
2026-06-28,RICE-5K,Rice 5kg,60,300,360.0,0,3,Rainy,6,6,1,62.0,62.857142857142854
2026-06-29,RICE-5K,Rice 5kg,58,300,360.0,0,3,Rainy,0,6,0,65.0,62.57142857142857
2026-06-30,RICE-5K,Rice 5kg,73,300,360.0,0,3,Rainy,1,6,0,63.0,61.57142857142857
2026-07-01,RICE-5K,Rice 5kg,79,300,360.0,1,3,Rainy,2,7,0,71.0,63.0
2026-07-02,RICE-5K,Rice 5kg,59,300,360.0,0,3,Rainy,3,7,0,64.0,64.14285714285714
2026-07-03,RICE-5K,Rice 5kg,57,300,360.0,0,3,Rainy,4,7,0,48.0,63.42857142857143
2026-07-04,RICE-5K,Rice 5kg,73,300,360.0,0,3,Rainy,5,7,1,67.0,64.71428571428571
2026-07-05,RICE-5K,Rice 5kg,65,300,360.0,0,3,Rainy,6,7,1,60.0,65.57142857142857
2026-07-06,RICE-5K,Rice 5kg,62,300,360.0,0,3,Rainy,0,7,0,58.0,66.28571428571429
2026-07-07,RICE-5K,Rice 5kg,70,300,360.0,0,3,Rainy,1,7,0,73.0,66.85714285714286
2026-07-08,RICE-5K,Rice 5kg,76,300,360.0,0,3,Rainy,2,7,0,79.0,66.42857142857143
2026-07-09,RICE-5K,Rice 5kg,73,300,360.0,0,3,Rainy,3,7,0,59.0,66.0
2026-07-10,RICE-5K,Rice 5kg,53,300,360.0,0,3,Rainy,4,7,0,57.0,68.0
2026-07-11,RICE-5K,Rice 5kg,80,300,360.0,0,3,Rainy,5,7,1,73.0,67.42857142857143
2026-07-12,RICE-5K,Rice 5kg,79,300,360.0,0,3,Rainy,6,7,1,65.0,68.42857142857143
2026-07-13,RICE-5K,Rice 5kg,74,300,360.0,0,3,Rainy,0,7,0,62.0,70.42857142857143
2026-07-14,RICE-5K,Rice 5kg,82,300,360.0,0,3,Rainy,1,7,0,70.0,72.14285714285714
2026-07-15,RICE-5K,Rice 5kg,70,300,360.0,1,3,Rainy,2,7,0,76.0,73.85714285714286
2026-07-16,RICE-5K,Rice 5kg,68,300,360.0,0,3,Rainy,3,7,0,73.0,73.0
2026-07-17,RICE-5K,Rice 5kg,76,300,360.0,0,3,Rainy,4,7,0,53.0,72.28571428571429
2026-07-18,RICE-5K,Rice 5kg,70,300,360.0,0,3,Rainy,5,7,1,80.0,75.57142857142857
2026-07-19,RICE-5K,Rice 5kg,91,300,360.0,0,3,Rainy,6,7,1,79.0,74.14285714285714
2026-07-20,RICE-5K,Rice 5kg,75,300,360.0,0,3,Rainy,0,7,0,74.0,75.85714285714286
2026-07-21,RICE-5K,Rice 5kg,78,300,360.0,0,3,Rainy,1,7,0,82.0,76.0
2026-07-22,RICE-5K,Rice 5kg,68,300,360.0,0,3,Rainy,2,7,0,70.0,75.42857142857143
2026-07-23,RICE-5K,Rice 5kg,78,300,360.0,0,3,Rainy,3,7,0,68.0,75.14285714285714
2026-07-24,RICE-5K,Rice 5kg,79,300,360.0,0,3,Rainy,4,7,0,76.0,76.57142857142857
2026-07-25,RICE-5K,Rice 5kg,82,300,360.0,0,3,Rainy,5,7,1,70.0,77.0
2026-07-26,RICE-5K,Rice 5kg,82,300,360.0,0,3,Rainy,6,7,1,91.0,78.71428571428571
2026-07-27,RICE-5K,Rice 5kg,73,300,360.0,0,3,Rainy,0,7,0,75.0,77.42857142857143
2026-07-28,RICE-5K,Rice 5kg,65,300,360.0,0,3,Rainy,1,7,0,78.0,77.14285714285714
2026-07-29,RICE-5K,Rice 5kg,69,300,360.0,0,3,Rainy,2,7,0,68.0,75.28571428571429
2026-01-31,SHAM-400,Shampoo 400ml,25,205,198.0,0,1,Clear,5,1,1,,
2026-02-01,SHAM-400,Shampoo 400ml,38,205,198.0,1,1,Clear,6,2,1,,
2026-02-02,SHAM-400,Shampoo 400ml,36,205,198.0,0,1,Clear,0,2,0,,
2026-02-03,SHAM-400,Shampoo 400ml,33,205,198.0,0,1,Clear,1,2,0,,33.0
2026-02-04,SHAM-400,Shampoo 400ml,33,205,198.0,0,1,Clear,2,2,0,,33.0
2026-02-05,SHAM-400,Shampoo 400ml,34,205,198.0,0,1,Clear,3,2,0,,33.0
2026-02-06,SHAM-400,Shampoo 400ml,37,205,198.0,0,1,Clear,4,2,0,,33.166666666666664
2026-02-07,SHAM-400,Shampoo 400ml,33,205,198.0,0,1,Clear,5,2,1,25.0,33.714285714285715
2026-02-08,SHAM-400,Shampoo 400ml,45,205,198.0,0,1,Clear,6,2,1,38.0,34.857142857142854
2026-02-09,SHAM-400,Shampoo 400ml,41,205,198.0,0,1,Clear,0,2,0,36.0,35.857142857142854
2026-02-10,SHAM-400,Shampoo 400ml,39,205,198.0,0,1,Clear,1,2,0,33.0,36.57142857142857
2026-02-11,SHAM-400,Shampoo 400ml,41,205,198.0,0,1,Clear,2,2,0,33.0,37.42857142857143
2026-02-12,SHAM-400,Shampoo 400ml,39,205,198.0,0,1,Clear,3,2,0,34.0,38.57142857142857
2026-02-13,SHAM-400,Shampoo 400ml,52,205,198.0,0,1,Clear,4,2,0,37.0,39.285714285714285
2026-02-14,SHAM-400,Shampoo 400ml,41,205,198.0,0,1,Clear,5,2,1,33.0,41.42857142857143
2026-02-15,SHAM-400,Shampoo 400ml,48,205,198.0,1,1,Clear,6,2,1,45.0,42.57142857142857
2026-02-16,SHAM-400,Shampoo 400ml,33,205,198.0,0,1,Clear,0,2,0,41.0,43.0
2026-02-17,SHAM-400,Shampoo 400ml,31,205,198.0,0,1,Clear,1,2,0,39.0,41.857142857142854
2026-02-18,SHAM-400,Shampoo 400ml,29,205,198.0,0,1,Clear,2,2,0,41.0,40.714285714285715
2026-02-19,SHAM-400,Shampoo 400ml,32,205,198.0,0,1,Clear,3,2,0,39.0,39.0
2026-02-20,SHAM-400,Shampoo 400ml,38,205,198.0,0,1,Clear,4,2,0,52.0,38.0
2026-02-21,SHAM-400,Shampoo 400ml,45,205,198.0,0,1,Clear,5,2,1,41.0,36.0
2026-02-22,SHAM-400,Shampoo 400ml,43,205,198.0,0,1,Clear,6,2,1,48.0,36.57142857142857
2026-02-23,SHAM-400,Shampoo 400ml,32,205,198.0,0,1,Clear,0,2,0,33.0,35.857142857142854
2026-02-24,SHAM-400,Shampoo 400ml,44,205,198.0,0,1,Clear,1,2,0,31.0,35.714285714285715
2026-02-25,SHAM-400,Shampoo 400ml,43,205,198.0,0,1,Clear,2,2,0,29.0,37.57142857142857
2026-02-26,SHAM-400,Shampoo 400ml,36,205,198.0,0,1,Clear,3,2,0,32.0,39.57142857142857
2026-02-27,SHAM-400,Shampoo 400ml,33,205,198.0,0,1,Clear,4,2,0,38.0,40.142857142857146
2026-02-28,SHAM-400,Shampoo 400ml,45,205,198.0,0,1,Clear,5,2,1,45.0,39.42857142857143
2026-03-01,SHAM-400,Shampoo 400ml,50,205,198.0,1,2,Clear,6,3,1,43.0,39.42857142857143
2026-03-02,SHAM-400,Shampoo 400ml,26,205,198.0,0,2,Clear,0,3,0,32.0,40.42857142857143
2026-03-03,SHAM-400,Shampoo 400ml,36,205,198.0,0,2,Clear,1,3,0,44.0,39.57142857142857
2026-03-04,SHAM-400,Shampoo 400ml,38,205,198.0,0,2,Clear,2,3,0,43.0,38.42857142857143
2026-03-05,SHAM-400,Shampoo 400ml,29,205,198.0,0,2,Clear,3,3,0,36.0,37.714285714285715
2026-03-06,SHAM-400,Shampoo 400ml,36,205,198.0,0,2,Clear,4,3,0,33.0,36.714285714285715
2026-03-07,SHAM-400,Shampoo 400ml,29,205,198.0,0,2,Clear,5,3,1,45.0,37.142857142857146
2026-03-08,SHAM-400,Shampoo 400ml,48,205,198.0,0,2,Clear,6,3,1,50.0,34.857142857142854
2026-03-09,SHAM-400,Shampoo 400ml,43,205,198.0,0,2,Clear,0,3,0,26.0,34.57142857142857
2026-03-10,SHAM-400,Shampoo 400ml,32,205,198.0,0,2,Clear,1,3,0,36.0,37.0
2026-03-11,SHAM-400,Shampoo 400ml,36,205,198.0,0,2,Clear,2,3,0,38.0,36.42857142857143
2026-03-12,SHAM-400,Shampoo 400ml,16,205,198.0,0,2,Clear,3,3,0,29.0,36.142857142857146
2026-03-13,SHAM-400,Shampoo 400ml,24,205,198.0,0,2,Clear,4,3,0,36.0,34.285714285714285
2026-03-14,SHAM-400,Shampoo 400ml,34,205,198.0,0,2,Clear,5,3,1,29.0,32.57142857142857
2026-03-15,SHAM-400,Shampoo 400ml,34,205,198.0,1,2,Clear,6,3,1,48.0,33.285714285714285
2026-03-16,SHAM-400,Shampoo 400ml,36,205,198.0,0,2,Clear,0,3,0,43.0,31.285714285714285
2026-03-17,SHAM-400,Shampoo 400ml,45,205,198.0,0,2,Clear,1,3,0,32.0,30.285714285714285
2026-03-18,SHAM-400,Shampoo 400ml,23,205,198.0,0,2,Clear,2,3,0,36.0,32.142857142857146
2026-03-19,SHAM-400,Shampoo 400ml,25,205,198.0,0,2,Clear,3,3,0,16.0,30.285714285714285
2026-03-20,SHAM-400,Shampoo 400ml,32,205,198.0,0,2,Clear,4,3,0,24.0,31.571428571428573
2026-03-21,SHAM-400,Shampoo 400ml,45,205,198.0,0,2,Clear,5,3,1,34.0,32.714285714285715
2026-03-22,SHAM-400,Shampoo 400ml,25,205,198.0,0,2,Clear,6,3,1,34.0,34.285714285714285
2026-03-23,SHAM-400,Shampoo 400ml,31,205,198.0,0,2,Clear,0,3,0,36.0,33.0
2026-03-24,SHAM-400,Shampoo 400ml,42,205,198.0,0,2,Clear,1,3,0,45.0,32.285714285714285
2026-03-25,SHAM-400,Shampoo 400ml,18,205,198.0,0,2,Clear,2,3,0,23.0,31.857142857142858
2026-03-26,SHAM-400,Shampoo 400ml,20,205,198.0,0,2,Clear,3,3,0,25.0,31.142857142857142
2026-03-27,SHAM-400,Shampoo 400ml,26,205,198.0,0,2,Clear,4,3,0,32.0,30.428571428571427
2026-03-28,SHAM-400,Shampoo 400ml,29,205,198.0,0,2,Clear,5,3,1,45.0,29.571428571428573
2026-03-29,SHAM-400,Shampoo 400ml,38,205,198.0,0,2,Clear,6,3,1,25.0,27.285714285714285
2026-03-30,SHAM-400,Shampoo 400ml,31,205,198.0,0,2,Clear,0,3,0,31.0,29.142857142857142
2026-03-31,SHAM-400,Shampoo 400ml,17,205,198.0,0,2,Clear,1,3,0,42.0,29.142857142857142
2026-04-01,SHAM-400,Shampoo 400ml,38,205,198.0,1,2,Clear,2,4,0,18.0,25.571428571428573
2026-04-02,SHAM-400,Shampoo 400ml,26,205,198.0,0,2,Clear,3,4,0,20.0,28.428571428571427
2026-04-03,SHAM-400,Shampoo 400ml,39,205,198.0,0,2,Clear,4,4,0,26.0,29.285714285714285
2026-04-04,SHAM-400,Shampoo 400ml,29,205,198.0,0,2,Clear,5,4,1,29.0,31.142857142857142
2026-04-05,SHAM-400,Shampoo 400ml,29,205,198.0,0,2,Clear,6,4,1,38.0,31.142857142857142
2026-04-06,SHAM-400,Shampoo 400ml,34,205,198.0,0,2,Clear,0,4,0,31.0,29.857142857142858
2026-04-07,SHAM-400,Shampoo 400ml,36,205,198.0,0,2,Clear,1,4,0,17.0,30.285714285714285
2026-04-08,SHAM-400,Shampoo 400ml,34,205,198.0,0,2,Clear,2,4,0,38.0,33.0
2026-04-09,SHAM-400,Shampoo 400ml,20,205,198.0,0,2,Clear,3,4,0,26.0,32.42857142857143
2026-04-10,SHAM-400,Shampoo 400ml,36,205,198.0,0,2,Clear,4,4,0,39.0,31.571428571428573
2026-04-11,SHAM-400,Shampoo 400ml,29,205,198.0,0,2,Clear,5,4,1,29.0,31.142857142857142
2026-04-12,SHAM-400,Shampoo 400ml,38,205,198.0,0,2,Clear,6,4,1,29.0,31.142857142857142
2026-04-13,SHAM-400,Shampoo 400ml,23,205,198.0,0,2,Clear,0,4,0,34.0,32.42857142857143
2026-04-14,SHAM-400,Shampoo 400ml,37,205,198.0,0,2,Clear,1,4,0,36.0,30.857142857142858
2026-04-15,SHAM-400,Shampoo 400ml,34,205,198.0,1,2,Clear,2,4,0,34.0,31.0
2026-04-16,SHAM-400,Shampoo 400ml,25,205,198.0,0,2,Clear,3,4,0,20.0,31.0
2026-04-17,SHAM-400,Shampoo 400ml,40,205,198.0,0,2,Clear,4,4,0,36.0,31.714285714285715
2026-04-18,SHAM-400,Shampoo 400ml,41,205,198.0,0,2,Clear,5,4,1,29.0,32.285714285714285
2026-04-19,SHAM-400,Shampoo 400ml,35,205,198.0,0,2,Clear,6,4,1,38.0,34.0
2026-04-20,SHAM-400,Shampoo 400ml,46,205,198.0,0,2,Clear,0,4,0,23.0,33.57142857142857
2026-04-21,SHAM-400,Shampoo 400ml,33,205,198.0,0,2,Clear,1,4,0,37.0,36.857142857142854
2026-04-22,SHAM-400,Shampoo 400ml,37,205,198.0,0,2,Clear,2,4,0,34.0,36.285714285714285
2026-04-23,SHAM-400,Shampoo 400ml,39,205,198.0,0,2,Clear,3,4,0,25.0,36.714285714285715
2026-04-24,SHAM-400,Shampoo 400ml,33,205,198.0,0,2,Clear,4,4,0,40.0,38.714285714285715
2026-04-25,SHAM-400,Shampoo 400ml,46,205,198.0,0,2,Clear,5,4,1,41.0,37.714285714285715
2026-04-26,SHAM-400,Shampoo 400ml,39,205,198.0,0,2,Clear,6,4,1,35.0,38.42857142857143
2026-04-27,SHAM-400,Shampoo 400ml,35,205,198.0,0,2,Clear,0,4,0,46.0,39.0
2026-04-28,SHAM-400,Shampoo 400ml,48,205,198.0,0,2,Clear,1,4,0,33.0,37.42857142857143
2026-04-29,SHAM-400,Shampoo 400ml,32,205,198.0,0,2,Clear,2,4,0,37.0,39.57142857142857
2026-04-30,SHAM-400,Shampoo 400ml,22,205,198.0,0,2,Clear,3,4,0,39.0,38.857142857142854
2026-05-01,SHAM-400,Shampoo 400ml,58,205,198.0,1,2,Clear,4,5,0,33.0,36.42857142857143
2026-05-02,SHAM-400,Shampoo 400ml,62,205,198.0,0,2,Clear,5,5,1,46.0,40.0
2026-05-03,SHAM-400,Shampoo 400ml,41,205,198.0,0,2,Clear,6,5,1,39.0,42.285714285714285
2026-05-04,SHAM-400,Shampoo 400ml,26,205,198.0,0,2,Clear,0,5,0,35.0,42.57142857142857
2026-05-05,SHAM-400,Shampoo 400ml,37,205,198.0,0,2,Clear,1,5,0,48.0,41.285714285714285
2026-05-06,SHAM-400,Shampoo 400ml,38,205,198.0,0,2,Clear,2,5,0,32.0,39.714285714285715
2026-05-07,SHAM-400,Shampoo 400ml,38,205,198.0,0,2,Clear,3,5,0,22.0,40.57142857142857
2026-05-08,SHAM-400,Shampoo 400ml,32,205,198.0,0,2,Clear,4,5,0,58.0,42.857142857142854
2026-05-09,SHAM-400,Shampoo 400ml,48,205,198.0,0,2,Clear,5,5,1,62.0,39.142857142857146
2026-05-10,SHAM-400,Shampoo 400ml,48,205,198.0,0,2,Clear,6,5,1,41.0,37.142857142857146
2026-05-11,SHAM-400,Shampoo 400ml,29,205,198.0,0,2,Clear,0,5,0,26.0,38.142857142857146
2026-05-12,SHAM-400,Shampoo 400ml,44,205,198.0,0,2,Clear,1,5,0,37.0,38.57142857142857
2026-05-13,SHAM-400,Shampoo 400ml,53,205,198.0,0,2,Clear,2,5,0,38.0,39.57142857142857
2026-05-14,SHAM-400,Shampoo 400ml,40,205,198.0,0,2,Clear,3,5,0,38.0,41.714285714285715
2026-05-15,SHAM-400,Shampoo 400ml,43,205,198.0,1,2,Clear,4,5,0,32.0,42.0
2026-05-16,SHAM-400,Shampoo 400ml,42,205,198.0,0,2,Clear,5,5,1,48.0,43.57142857142857
2026-05-17,SHAM-400,Shampoo 400ml,46,205,198.0,0,2,Clear,6,5,1,48.0,42.714285714285715
2026-05-18,SHAM-400,Shampoo 400ml,25,205,198.0,0,2,Clear,0,5,0,29.0,42.42857142857143
2026-05-19,SHAM-400,Shampoo 400ml,38,205,198.0,0,2,Clear,1,5,0,44.0,41.857142857142854
2026-05-20,SHAM-400,Shampoo 400ml,34,205,198.0,0,2,Clear,2,5,0,53.0,41.0
2026-05-21,SHAM-400,Shampoo 400ml,49,205,198.0,0,2,Clear,3,5,0,40.0,38.285714285714285
2026-05-22,SHAM-400,Shampoo 400ml,35,205,198.0,0,2,Clear,4,5,0,43.0,39.57142857142857
2026-05-23,SHAM-400,Shampoo 400ml,51,205,198.0,0,2,Clear,5,5,1,42.0,38.42857142857143
2026-05-24,SHAM-400,Shampoo 400ml,32,205,198.0,0,2,Clear,6,5,1,46.0,39.714285714285715
2026-05-25,SHAM-400,Shampoo 400ml,39,205,198.0,0,2,Clear,0,5,0,25.0,37.714285714285715
2026-05-26,SHAM-400,Shampoo 400ml,37,205,198.0,0,2,Clear,1,5,0,38.0,39.714285714285715
2026-05-27,SHAM-400,Shampoo 400ml,28,205,198.0,0,2,Clear,2,5,0,34.0,39.57142857142857
2026-05-28,SHAM-400,Shampoo 400ml,35,205,198.0,0,2,Clear,3,5,0,49.0,38.714285714285715
2026-05-29,SHAM-400,Shampoo 400ml,42,205,198.0,0,2,Clear,4,5,0,35.0,36.714285714285715
2026-05-30,SHAM-400,Shampoo 400ml,35,205,198.0,0,2,Clear,5,5,1,51.0,37.714285714285715
2026-05-31,SHAM-400,Shampoo 400ml,25,205,198.0,0,2,Clear,6,5,1,32.0,35.42857142857143
2026-06-01,SHAM-400,Shampoo 400ml,38,205,198.0,1,3,Rainy,0,6,0,39.0,34.42857142857143
2026-06-02,SHAM-400,Shampoo 400ml,26,205,198.0,0,3,Rainy,1,6,0,37.0,34.285714285714285
2026-06-03,SHAM-400,Shampoo 400ml,29,205,198.0,0,3,Rainy,2,6,0,28.0,32.714285714285715
2026-06-04,SHAM-400,Shampoo 400ml,31,205,198.0,0,3,Rainy,3,6,0,35.0,32.857142857142854
2026-06-05,SHAM-400,Shampoo 400ml,19,205,198.0,0,3,Rainy,4,6,0,42.0,32.285714285714285
2026-06-06,SHAM-400,Shampoo 400ml,23,205,198.0,0,3,Rainy,5,6,1,35.0,29.0
2026-06-07,SHAM-400,Shampoo 400ml,38,205,198.0,0,3,Rainy,6,6,1,25.0,27.285714285714285
2026-06-08,SHAM-400,Shampoo 400ml,27,205,198.0,0,3,Rainy,0,6,0,38.0,29.142857142857142
2026-06-09,SHAM-400,Shampoo 400ml,13,205,198.0,0,3,Rainy,1,6,0,26.0,27.571428571428573
2026-06-10,SHAM-400,Shampoo 400ml,36,205,198.0,0,3,Rainy,2,6,0,29.0,25.714285714285715
2026-06-11,SHAM-400,Shampoo 400ml,32,205,198.0,0,3,Rainy,3,6,0,31.0,26.714285714285715
2026-06-12,SHAM-400,Shampoo 400ml,25,205,198.0,0,3,Rainy,4,6,0,19.0,26.857142857142858
2026-06-13,SHAM-400,Shampoo 400ml,25,205,198.0,0,3,Rainy,5,6,1,23.0,27.714285714285715
2026-06-14,SHAM-400,Shampoo 400ml,40,205,198.0,0,3,Rainy,6,6,1,38.0,28.0
2026-06-15,SHAM-400,Shampoo 400ml,39,205,198.0,1,3,Rainy,0,6,0,27.0,28.285714285714285
2026-06-16,SHAM-400,Shampoo 400ml,47,205,198.0,0,3,Rainy,1,6,0,13.0,30.0
2026-06-17,SHAM-400,Shampoo 400ml,34,205,198.0,0,3,Rainy,2,6,0,36.0,34.857142857142854
2026-06-18,SHAM-400,Shampoo 400ml,34,205,198.0,0,3,Rainy,3,6,0,32.0,34.57142857142857
2026-06-19,SHAM-400,Shampoo 400ml,30,205,198.0,0,3,Rainy,4,6,0,25.0,34.857142857142854
2026-06-20,SHAM-400,Shampoo 400ml,41,205,198.0,0,3,Rainy,5,6,1,25.0,35.57142857142857
2026-06-21,SHAM-400,Shampoo 400ml,40,205,198.0,0,3,Rainy,6,6,1,40.0,37.857142857142854
2026-06-22,SHAM-400,Shampoo 400ml,41,205,198.0,0,3,Rainy,0,6,0,39.0,37.857142857142854
2026-06-23,SHAM-400,Shampoo 400ml,29,205,198.0,0,3,Rainy,1,6,0,47.0,38.142857142857146
2026-06-24,SHAM-400,Shampoo 400ml,30,205,198.0,0,3,Rainy,2,6,0,34.0,35.57142857142857
2026-06-25,SHAM-400,Shampoo 400ml,30,205,198.0,0,3,Rainy,3,6,0,34.0,35.0
2026-06-26,SHAM-400,Shampoo 400ml,39,205,198.0,0,3,Rainy,4,6,0,30.0,34.42857142857143
2026-06-27,SHAM-400,Shampoo 400ml,49,205,198.0,0,3,Rainy,5,6,1,41.0,35.714285714285715
2026-06-28,SHAM-400,Shampoo 400ml,35,205,198.0,0,3,Rainy,6,6,1,40.0,36.857142857142854
2026-06-29,SHAM-400,Shampoo 400ml,32,205,198.0,0,3,Rainy,0,6,0,41.0,36.142857142857146
2026-06-30,SHAM-400,Shampoo 400ml,38,205,198.0,0,3,Rainy,1,6,0,29.0,34.857142857142854
2026-07-01,SHAM-400,Shampoo 400ml,41,205,198.0,1,3,Rainy,2,7,0,30.0,36.142857142857146
2026-07-02,SHAM-400,Shampoo 400ml,43,205,198.0,0,3,Rainy,3,7,0,30.0,37.714285714285715
2026-07-03,SHAM-400,Shampoo 400ml,21,205,198.0,0,3,Rainy,4,7,0,39.0,39.57142857142857
2026-07-04,SHAM-400,Shampoo 400ml,36,205,198.0,0,3,Rainy,5,7,1,49.0,37.0
2026-07-05,SHAM-400,Shampoo 400ml,37,205,198.0,0,3,Rainy,6,7,1,35.0,35.142857142857146
2026-07-06,SHAM-400,Shampoo 400ml,22,205,198.0,0,3,Rainy,0,7,0,32.0,35.42857142857143
2026-07-07,SHAM-400,Shampoo 400ml,32,205,198.0,0,3,Rainy,1,7,0,38.0,34.0
2026-07-08,SHAM-400,Shampoo 400ml,32,205,198.0,0,3,Rainy,2,7,0,41.0,33.142857142857146
2026-07-09,SHAM-400,Shampoo 400ml,38,205,198.0,0,3,Rainy,3,7,0,43.0,31.857142857142858
2026-07-10,SHAM-400,Shampoo 400ml,47,205,198.0,0,3,Rainy,4,7,0,21.0,31.142857142857142
2026-07-11,SHAM-400,Shampoo 400ml,43,205,198.0,0,3,Rainy,5,7,1,36.0,34.857142857142854
2026-07-12,SHAM-400,Shampoo 400ml,38,205,198.0,0,3,Rainy,6,7,1,37.0,35.857142857142854
2026-07-13,SHAM-400,Shampoo 400ml,40,205,198.0,0,3,Rainy,0,7,0,22.0,36.0
2026-07-14,SHAM-400,Shampoo 400ml,48,205,198.0,0,3,Rainy,1,7,0,32.0,38.57142857142857
2026-07-15,SHAM-400,Shampoo 400ml,41,205,198.0,1,3,Rainy,2,7,0,32.0,40.857142857142854
2026-07-16,SHAM-400,Shampoo 400ml,34,205,198.0,0,3,Rainy,3,7,0,38.0,42.142857142857146
2026-07-17,SHAM-400,Shampoo 400ml,45,205,198.0,0,3,Rainy,4,7,0,47.0,41.57142857142857
2026-07-18,SHAM-400,Shampoo 400ml,44,205,198.0,0,3,Rainy,5,7,1,43.0,41.285714285714285
2026-07-19,SHAM-400,Shampoo 400ml,51,205,198.0,0,3,Rainy,6,7,1,38.0,41.42857142857143
2026-07-20,SHAM-400,Shampoo 400ml,41,205,198.0,0,3,Rainy,0,7,0,40.0,43.285714285714285
2026-07-21,SHAM-400,Shampoo 400ml,46,205,198.0,0,3,Rainy,1,7,0,48.0,43.42857142857143
2026-07-22,SHAM-400,Shampoo 400ml,34,205,198.0,0,3,Rainy,2,7,0,41.0,43.142857142857146
2026-07-23,SHAM-400,Shampoo 400ml,41,205,198.0,0,3,Rainy,3,7,0,34.0,42.142857142857146
2026-07-24,SHAM-400,Shampoo 400ml,39,205,198.0,0,3,Rainy,4,7,0,45.0,43.142857142857146
2026-07-25,SHAM-400,Shampoo 400ml,37,205,198.0,0,3,Rainy,5,7,1,44.0,42.285714285714285
2026-07-26,SHAM-400,Shampoo 400ml,35,205,198.0,0,3,Rainy,6,7,1,51.0,41.285714285714285
2026-07-27,SHAM-400,Shampoo 400ml,45,205,198.0,0,3,Rainy,0,7,0,41.0,39.0
2026-07-28,SHAM-400,Shampoo 400ml,38,205,198.0,0,3,Rainy,1,7,0,46.0,39.57142857142857
2026-07-29,SHAM-400,Shampoo 400ml,33,205,198.0,0,3,Rainy,2,7,0,34.0,38.42857142857143
