date,sku,product,quantity_sold,current_stock,price,holiday,season,weather
2026-01-31,MILK-1L,Milk 1L,137,420,42.0,0,1,Clear
2026-02-01,MILK-1L,Milk 1L,153,420,42.0,1,1,Clear
2026-02-02,MILK-1L,Milk 1L,128,420,42.0,0,1,Clear
2026-02-03,MILK-1L,Milk 1L,131,420,42.0,0,1,Clear
2026-02-04,MILK-1L,Milk 1L,112,420,42.0,0,1,Clear
2026-02-05,MILK-1L,Milk 1L,118,420,42.0,0,1,Clear
2026-02-06,MILK-1L,Milk 1L,129,420,42.0,0,1,Clear
2026-02-07,MILK-1L,Milk 1L,143,420,42.0,0,1,Clear
2026-02-08,MILK-1L,Milk 1L,147,420,42.0,0,1,Clear
2026-02-09,MILK-1L,Milk 1L,126,420,42.0,0,1,Clear
2026-02-10,MILK-1L,Milk 1L,139,420,42.0,0,1,Clear
2026-02-11,MILK-1L,Milk 1L,140,420,42.0,0,1,Clear
2026-02-12,MILK-1L,Milk 1L,135,420,42.0,0,1,Clear
2026-02-13,MILK-1L,Milk 1L,144,420,42.0,0,1,Clear
2026-02-14,MILK-1L,Milk 1L,156,420,42.0,0,1,Clear
2026-02-15,MILK-1L,Milk 1L,175,420,42.0,1,1,Clear
2026-02-16,MILK-1L,Milk 1L,140,420,42.0,0,1,Clear
2026-02-17,MILK-1L,Milk 1L,131,420,42.0,0,1,Clear
2026-02-18,MILK-1L,Milk 1L,144,420,42.0,0,1,Clear
2026-02-19,MILK-1L,Milk 1L,138,420,42.0,0,1,Clear
2026-02-20,MILK-1L,Milk 1L,137,420,42.0,0,1,Clear
2026-02-21,MILK-1L,Milk 1L,150,420,42.0,0,1,Clear
2026-02-22,MILK-1L,Milk 1L,163,420,42.0,0,1,Clear
2026-02-23,MILK-1L,Milk 1L,136,420,42.0,0,1,Clear
2026-02-24,MILK-1L,Milk 1L,134,420,42.0,0,1,Clear
2026-02-25,MILK-1L,Milk 1L,134,420,42.0,0,1,Clear
2026-02-26,MILK-1L,Milk 1L,140,420,42.0,0,1,Clear
2026-02-27,MILK-1L,Milk 1L,138,420,42.0,0,1,Clear
2026-02-28,MILK-1L,Milk 1L,153,420,42.0,0,1,Clear
2026-03-01,MILK-1L,Milk 1L,179,420,42.0,1,2,Clear
2026-03-02,MILK-1L,Milk 1L,147,420,42.0,0,2,Clear
2026-03-03,MILK-1L,Milk 1L,128,420,42.0,0,2,Clear
2026-03-04,MILK-1L,Milk 1L,126,420,42.0,0,2,Clear
2026-03-05,MILK-1L,Milk 1L,123,420,42.0,0,2,Clear
2026-03-06,MILK-1L,Milk 1L,132,420,42.0,0,2,Clear
2026-03-07,MILK-1L,Milk 1L,149,420,42.0,0,2,Clear
2026-03-08,MILK-1L,Milk 1L,139,420,42.0,0,2,Clear
2026-03-09,MILK-1L,Milk 1L,118,420,42.0,0,2,Clear
2026-03-10,MILK-1L,Milk 1L,116,420,42.0,0,2,Clear
2026-03-11,MILK-1L,Milk 1L,125,420,42.0,0,2,Clear
2026-03-12,MILK-1L,Milk 1L,125,420,42.0,0,2,Clear
2026-03-13,MILK-1L,Milk 1L,122,420,42.0,0,2,Clear
2026-03-14,MILK-1L,Milk 1L,126,420,42.0,0,2,Clear
2026-03-15,MILK-1L,Milk 1L,154,420,42.0,1,2,Clear
2026-03-16,MILK-1L,Milk 1L,115,420,42.0,0,2,Clear
2026-03-17,MILK-1L,Milk 1L,115,420,42.0,0,2,Clear
2026-03-18,MILK-1L,Milk 1L,118,420,42.0,0,2,Clear
2026-03-19,MILK-1L,Milk 1L,113,420,42.0,0,2,Clear
2026-03-20,MILK-1L,Milk 1L,115,420,42.0,0,2,Clear
2026-03-21,MILK-1L,Milk 1L,123,420,42.0,0,2,Clear
2026-03-22,MILK-1L,Milk 1L,124,420,42.0,0,2,Clear
2026-03-23,MILK-1L,Milk 1L,112,420,42.0,0,2,Clear
2026-03-24,MILK-1L,Milk 1L,97,420,42.0,0,2,Clear
2026-03-25,MILK-1L,Milk 1L,105,420,42.0,0,2,Clear
2026-03-26,MILK-1L,Milk 1L,103,420,42.0,0,2,Clear
2026-03-27,MILK-1L,Milk 1L,102,420,42.0,0,2,Clear
2026-03-28,MILK-1L,Milk 1L,117,420,42.0,0,2,Clear
2026-03-29,MILK-1L,Milk 1L,130,420,42.0,0,2,Clear
2026-03-30,MILK-1L,Milk 1L,101,420,42.0,0,2,Clear
2026-03-31,MILK-1L,Milk 1L,114,420,42.0,0,2,Clear
2026-04-01,MILK-1L,Milk 1L,115,420,42.0,1,2,Clear
2026-04-02,MILK-1L,Milk 1L,106,420,42.0,0,2,Clear
2026-04-03,MILK-1L,Milk 1L,110,420,42.0,0,2,Clear
2026-04-04,MILK-1L,Milk 1L,126,420,42.0,0,2,Clear
2026-04-05,MILK-1L,Milk 1L,128,420,42.0,0,2,Clear
2026-04-06,MILK-1L,Milk 1L,117,420,42.0,0,2,Clear
2026-04-07,MILK-1L,Milk 1L,110,420,42.0,0,2,Clear
2026-04-08,MILK-1L,Milk 1L,110,420,42.0,0,2,Clear
2026-04-09,MILK-1L,Milk 1L,120,420,42.0,0,2,Clear
2026-04-10,MILK-1L,Milk 1L,114,420,42.0,0,2,Clear
2026-04-11,MILK-1L,Milk 1L,122,420,42.0,0,2,Clear
2026-04-12,MILK-1L,Milk 1L,125,420,42.0,0,2,Clear
2026-04-13,MILK-1L,Milk 1L,113,420,42.0,0,2,Clear
2026-04-14,MILK-1L,Milk 1L,125,420,42.0,0,2,Clear
2026-04-15,MILK-1L,Milk 1L,146,420,42.0,1,2,Clear
2026-04-16,MILK-1L,Milk 1L,129,420,42.0,0,2,Clear
2026-04-17,MILK-1L,Milk 1L,123,420,42.0,0,2,Clear
2026-04-18,MILK-1L,Milk 1L,144,420,42.0,0,2,Clear
2026-04-19,MILK-1L,Milk 1L,149,420,42.0,0,2,Clear
2026-04-20,MILK-1L,Milk 1L,128,420,42.0,0,2,Clear
2026-04-21,MILK-1L,Milk 1L,135,420,42.0,0,2,Clear
2026-04-22,MILK-1L,Milk 1L,129,420,42.0,0,2,Clear
2026-04-23,MILK-1L,Milk 1L,132,420,42.0,0,2,Clear
2026-04-24,MILK-1L,Milk 1L,133,420,42.0,0,2,Clear
2026-04-25,MILK-1L,Milk 1L,145,420,42.0,0,2,Clear
2026-04-26,MILK-1L,Milk 1L,158,420,42.0,0,2,Clear
2026-04-27,MILK-1L,Milk 1L,136,420,42.0,0,2,Clear
2026-04-28,MILK-1L,Milk 1L,140,420,42.0,0,2,Clear
2026-04-29,MILK-1L,Milk 1L,145,420,42.0,0,2,Clear
2026-04-30,MILK-1L,Milk 1L,145,420,42.0,0,2,Clear
2026-05-01,MILK-1L,Milk 1L,173,420,42.0,1,2,Clear
2026-05-02,MILK-1L,Milk 1L,160,420,42.0,0,2,Clear
2026-05-03,MILK-1L,Milk 1L,158,420,42.0,0,2,Clear
2026-05-04,MILK-1L,Milk 1L,143,420,42.0,0,2,Clear
2026-05-05,MILK-1L,Milk 1L,132,420,42.0,0,2,Clear
2026-05-06,MILK-1L,Milk 1L,134,420,42.0,0,2,Clear
2026-05-07,MILK-1L,Milk 1L,135,420,42.0,0,2,Clear
2026-05-08,MILK-1L,Milk 1L,137,420,42.0,0,2,Clear
2026-05-09,MILK-1L,Milk 1L,163,420,42.0,0,2,Clear
2026-05-10,MILK-1L,Milk 1L,154,420,42.0,0,2,Clear
2026-05-11,MILK-1L,Milk 1L,140,420,42.0,0,2,Clear
2026-05-12,MILK-1L,Milk 1L,151,420,42.0,0,2,Clear
2026-05-13,MILK-1L,Milk 1L,138,420,42.0,0,2,Clear
2026-05-14,MILK-1L,Milk 1L,145,420,42.0,0,2,Clear
2026-05-15,MILK-1L,Milk 1L,158,420,42.0,1,2,Clear
2026-05-16,MILK-1L,Milk 1L,153,420,42.0,0,2,Clear
2026-05-17,MILK-1L,Milk 1L,147,420,42.0,0,2,Clear
2026-05-18,MILK-1L,Milk 1L,133,420,42.0,0,2,Clear
2026-05-19,MILK-1L,Milk 1L,140,420,42.0,0,2,Clear
2026-05-20,MILK-1L,Milk 1L,121,420,42.0,0,2,Clear
2026-05-21,MILK-1L,Milk 1L,135,420,42.0,0,2,Clear
2026-05-22,MILK-1L,Milk 1L,132,420,42.0,0,2,Clear
2026-05-23,MILK-1L,Milk 1L,140,420,42.0,0,2,Clear
2026-05-24,MILK-1L,Milk 1L,133,420,42.0,0,2,Clear
2026-05-25,MILK-1L,Milk 1L,127,420,42.0,0,2,Clear
2026-05-26,MILK-1L,Milk 1L,121,420,42.0,0,2,Clear
2026-05-27,MILK-1L,Milk 1L,125,420,42.0,0,2,Clear
2026-05-28,MILK-1L,Milk 1L,122,420,42.0,0,2,Clear
2026-05-29,MILK-1L,Milk 1L,132,420,42.0,0,2,Clear
2026-05-30,MILK-1L,Milk 1L,132,420,42.0,0,2,Clear
2026-05-31,MILK-1L,Milk 1L,125,420,42.0,0,2,Clear
2026-06-01,MILK-1L,Milk 1L,139,420,42.0,1,3,Rainy
2026-06-02,MILK-1L,Milk 1L,118,420,42.0,0,3,Rainy
2026-06-03,MILK-1L,Milk 1L,125,420,42.0,0,3,Rainy
2026-06-04,MILK-1L,Milk 1L,120,420,42.0,0,3,Rainy
2026-06-05,MILK-1L,Milk 1L,116,420,42.0,0,3,Rainy
2026-06-06,MILK-1L,Milk 1L,136,420,42.0,0,3,Rainy
2026-06-07,MILK-1L,Milk 1L,117,420,42.0,0,3,Rainy
2026-06-08,MILK-1L,Milk 1L,107,420,42.0,0,3,Rainy
2026-06-09,MILK-1L,Milk 1L,105,420,42.0,0,3,Rainy
2026-06-10,MILK-1L,Milk 1L,108,420,42.0,0,3,Rainy
2026-06-11,MILK-1L,Milk 1L,101,420,42.0,0,3,Rainy
2026-06-12,MILK-1L,Milk 1L,115,420,42.0,0,3,Rainy
2026-06-13,MILK-1L,Milk 1L,123,420,42.0,0,3,Rainy
2026-06-14,MILK-1L,Milk 1L,114,420,42.0,0,3,Rainy
2026-06-15,MILK-1L,Milk 1L,124,420,42.0,1,3,Rainy
2026-06-16,MILK-1L,Milk 1L,114,420,42.0,0,3,Rainy
2026-06-17,MILK-1L,Milk 1L,119,420,42.0,0,3,Rainy
2026-06-18,MILK-1L,Milk 1L,127,420,42.0,0,3,Rainy
2026-06-19,MILK-1L,Milk 1L,135,420,42.0,0,3,Rainy
2026-06-20,MILK-1L,Milk 1L,132,420,42.0,0,3,Rainy
2026-06-21,MILK-1L,Milk 1L,123,420,42.0,0,3,Rainy
2026-06-22,MILK-1L,Milk 1L,102,420,42.0,0,3,Rainy
2026-06-23,MILK-1L,Milk 1L,120,420,42.0,0,3,Rainy
2026-06-24,MILK-1L,Milk 1L,114,420,42.0,0,3,Rainy
2026-06-25,MILK-1L,Milk 1L,118,420,42.0,0,3,Rainy
2026-06-26,MILK-1L,Milk 1L,118,420,42.0,0,3,Rainy
2026-06-27,MILK-1L,Milk 1L,138,420,42.0,0,3,Rainy
2026-06-28,MILK-1L,Milk 1L,148,420,42.0,0,3,Rainy
2026-06-29,MILK-1L,Milk 1L,128,420,42.0,0,3,Rainy
2026-06-30,MILK-1L,Milk 1L,128,420,42.0,0,3,Rainy
2026-07-01,MILK-1L,Milk 1L,147,420,42.0,1,3,Rainy
2026-07-02,MILK-1L,Milk 1L,120,420,42.0,0,3,Rainy
2026-07-03,MILK-1L,Milk 1L,130,420,42.0,0,3,Rainy
2026-07-04,MILK-1L,Milk 1L,151,420,42.0,0,3,Rainy
2026-07-05,MILK-1L,Milk 1L,165,420,42.0,0,3,Rainy
2026-07-06,MILK-1L,Milk 1L,139,420,42.0,0,3,Rainy
2026-07-07,MILK-1L,Milk 1L,146,420,42.0,0,3,Rainy
2026-07-08,MILK-1L,Milk 1L,137,420,42.0,0,3,Rainy
2026-07-09,MILK-1L,Milk 1L,134,420,42.0,0,3,Rainy
2026-07-10,MILK-1L,Milk 1L,137,420,42.0,0,3,Rainy
2026-07-11,MILK-1L,Milk 1L,157,420,42.0,0,3,Rainy
2026-07-12,MILK-1L,Milk 1L,178,420,42.0,0,3,Rainy
2026-07-13,MILK-1L,Milk 1L,141,420,42.0,0,3,Rainy
2026-07-14,MILK-1L,Milk 1L,153,420,42.0,0,3,Rainy
2026-07-15,MILK-1L,Milk 1L,168,420,42.0,1,3,Rainy
2026-07-16,MILK-1L,Milk 1L,155,420,42.0,0,3,Rainy
2026-07-17,MILK-1L,Milk 1L,152,420,42.0,0,3,Rainy
2026-07-18,MILK-1L,Milk 1L,166,420,42.0,0,3,Rainy
2026-07-19,MILK-1L,Milk 1L,167,420,42.0,0,3,Rainy
2026-07-20,MILK-1L,Milk 1L,145,420,42.0,0,3,Rainy
2026-07-21,MILK-1L,Milk 1L,153,420,42.0,0,3,Rainy
2026-07-22,MILK-1L,Milk 1L,146,420,42.0,0,3,Rainy
2026-07-23,MILK-1L,Milk 1L,141,420,42.0,0,3,Rainy
2026-07-24,MILK-1L,Milk 1L,140,420,42.0,0,3,Rainy
2026-07-25,MILK-1L,Milk 1L,167,420,42.0,0,3,Rainy
2026-07-26,MILK-1L,Milk 1L,176,420,42.0,0,3,Rainy
2026-07-27,MILK-1L,Milk 1L,148,420,42.0,0,3,Rainy
2026-07-28,MILK-1L,Milk 1L,145,420,42.0,0,3,Rainy
2026-07-29,MILK-1L,Milk 1L,147,420,42.0,0,3,Rainy
2026-01-31,RICE-5K,Rice 5kg,74,300,360.0,0,1,Clear
2026-02-01,RICE-5K,Rice 5kg,79,300,360.0,1,1,Clear
2026-02-02,RICE-5K,Rice 5kg,57,300,360.0,0,1,Clear
2026-02-03,RICE-5K,Rice 5kg,68,300,360.0,0,1,Clear
2026-02-04,RICE-5K,Rice 5kg,64,300,360.0,0,1,Clear
2026-02-05,RICE-5K,Rice 5kg,72,300,360.0,0,1,Clear
2026-02-06,RICE-5K,Rice 5kg,63,300,360.0,0,1,Clear
2026-02-07,RICE-5K,Rice 5kg,62,300,360.0,0,1,Clear
2026-02-08,RICE-5K,Rice 5kg,61,300,360.0,0,1,Clear
2026-02-09,RICE-5K,Rice 5kg,75,300,360.0,0,1,Clear
2026-02-10,RICE-5K,Rice 5kg,76,300,360.0,0,1,Clear
2026-02-11,RICE-5K,Rice 5kg,64,300,360.0,0,1,Clear
2026-02-12,RICE-5K,Rice 5kg,63,300,360.0,0,1,Clear
2026-02-13,RICE-5K,Rice 5kg,76,300,360.0,0,1,Clear
2026-02-14,RICE-5K,Rice 5kg,66,300,360.0,0,1,Clear
2026-02-15,RICE-5K,Rice 5kg,81,300,360.0,1,1,Clear
2026-02-16,RICE-5K,Rice 5kg,71,300,360.0,0,1,Clear
2026-02-17,RICE-5K,Rice 5kg,64,300,360.0,0,1,Clear
2026-02-18,RICE-5K,Rice 5kg,67,300,360.0,0,1,Clear
2026-02-19,RICE-5K,Rice 5kg,66,300,360.0,0,1,Clear
2026-02-20,RICE-5K,Rice 5kg,69,300,360.0,0,1,Clear
2026-02-21,RICE-5K,Rice 5kg,85,300,360.0,0,1,Clear
2026-02-22,RICE-5K,Rice 5kg,75,300,360.0,0,1,Clear
2026-02-23,RICE-5K,Rice 5kg,71,300,360.0,0,1,Clear
2026-02-24,RICE-5K,Rice 5kg,52,300,360.0,0,1,Clear
2026-02-25,RICE-5K,Rice 5kg,66,300,360.0,0,1,Clear
2026-02-26,RICE-5K,Rice 5kg,60,300,360.0,0,1,Clear
2026-02-27,RICE-5K,Rice 5kg,57,300,360.0,0,1,Clear
2026-02-28,RICE-5K,Rice 5kg,67,300,360.0,0,1,Clear
2026-03-01,RICE-5K,Rice 5kg,83,300,360.0,1,2,Clear
2026-03-02,RICE-5K,Rice 5kg,70,300,360.0,0,2,Clear
2026-03-03,RICE-5K,Rice 5kg,54,300,360.0,0,2,Clear
2026-03-04,RICE-5K,Rice 5kg,63,300,360.0,0,2,Clear
2026-03-05,RICE-5K,Rice 5kg,59,300,360.0,0,2,Clear
2026-03-06,RICE-5K,Rice 5kg,59,300,360.0,0,2,Clear
2026-03-07,RICE-5K,Rice 5kg,75,300,360.0,0,2,Clear
2026-03-08,RICE-5K,Rice 5kg,71,300,360.0,0,2,Clear
2026-03-09,RICE-5K,Rice 5kg,69,300,360.0,0,2,Clear
2026-03-10,RICE-5K,Rice 5kg,58,300,360.0,0,2,Clear
2026-03-11,RICE-5K,Rice 5kg,53,300,360.0,0,2,Clear
2026-03-12,RICE-5K,Rice 5kg,56,300,360.0,0,2,Clear
2026-03-13,RICE-5K,Rice 5kg,59,300,360.0,0,2,Clear
2026-03-14,RICE-5K,Rice 5kg,64,300,360.0,0,2,Clear
2026-03-15,RICE-5K,Rice 5kg,66,300,360.0,1,2,Clear
2026-03-16,RICE-5K,Rice 5kg,56,300,360.0,0,2,Clear
2026-03-17,RICE-5K,Rice 5kg,56,300,360.0,0,2,Clear
2026-03-18,RICE-5K,Rice 5kg,72,300,360.0,0,2,Clear
2026-03-19,RICE-5K,Rice 5kg,67,300,360.0,0,2,Clear
2026-03-20,RICE-5K,Rice 5kg,47,300,360.0,0,2,Clear
2026-03-21,RICE-5K,Rice 5kg,57,300,360.0,0,2,Clear
2026-03-22,RICE-5K,Rice 5kg,49,300,360.0,0,2,Clear
2026-03-23,RICE-5K,Rice 5kg,48,300,360.0,0,2,Clear
2026-03-24,RICE-5K,Rice 5kg,54,300,360.0,0,2,Clear
2026-03-25,RICE-5K,Rice 5kg,60,300,360.0,0,2,Clear
2026-03-26,RICE-5K,Rice 5kg,46,300,360.0,0,2,Clear
2026-03-27,RICE-5K,Rice 5kg,47,300,360.0,0,2,Clear
2026-03-28,RICE-5K,Rice 5kg,43,300,360.0,0,2,Clear
2026-03-29,RICE-5K,Rice 5kg,57,300,360.0,0,2,Clear
2026-03-30,RICE-5K,Rice 5kg,44,300,360.0,0,2,Clear
2026-03-31,RICE-5K,Rice 5kg,48,300,360.0,0,2,Clear
2026-04-01,RICE-5K,Rice 5kg,55,300,360.0,1,2,Clear
2026-04-02,RICE-5K,Rice 5kg,51,300,360.0,0,2,Clear
2026-04-03,RICE-5K,Rice 5kg,40,300,360.0,0,2,Clear
2026-04-04,RICE-5K,Rice 5kg,49,300,360.0,0,2,Clear
2026-04-05,RICE-5K,Rice 5kg,75,300,360.0,0,2,Clear
2026-04-06,RICE-5K,Rice 5kg,45,300,360.0,0,2,Clear
2026-04-07,RICE-5K,Rice 5kg,47,300,360.0,0,2,Clear
2026-04-08,RICE-5K,Rice 5kg,68,300,360.0,0,2,Clear
2026-04-09,RICE-5K,Rice 5kg,76,300,360.0,0,2,Clear
2026-04-10,RICE-5K,Rice 5kg,48,300,360.0,0,2,Clear
2026-04-11,RICE-5K,Rice 5kg,61,300,360.0,0,2,Clear
2026-04-12,RICE-5K,Rice 5kg,67,300,360.0,0,2,Clear
2026-04-13,RICE-5K,Rice 5kg,70,300,360.0,0,2,Clear
2026-04-14,RICE-5K,Rice 5kg,52,300,360.0,0,2,Clear
2026-04-15,RICE-5K,Rice 5kg,68,300,360.0,1,2,Clear
2026-04-16,RICE-5K,Rice 5kg,66,300,360.0,0,2,Clear
2026-04-17,RICE-5K,Rice 5kg,64,300,360.0,0,2,Clear
2026-04-18,RICE-5K,Rice 5kg,66,300,360.0,0,2,Clear
2026-04-19,RICE-5K,Rice 5kg,69,300,360.0,0,2,Clear
2026-04-20,RICE-5K,Rice 5kg,53,300,360.0,0,2,Clear
2026-04-21,RICE-5K,Rice 5kg,62,300,360.0,0,2,Clear
2026-04-22,RICE-5K,Rice 5kg,63,300,360.0,0,2,Clear
2026-04-23,RICE-5K,Rice 5kg,67,300,360.0,0,2,Clear
2026-04-24,RICE-5K,Rice 5kg,62,300,360.0,0,2,Clear
2026-04-25,RICE-5K,Rice 5kg,78,300,360.0,0,2,Clear
2026-04-26,RICE-5K,Rice 5kg,82,300,360.0,0,2,Clear
2026-04-27,RICE-5K,Rice 5kg,68,300,360.0,0,2,Clear
2026-04-28,RICE-5K,Rice 5kg,70,300,360.0,0,2,Clear
2026-04-29,RICE-5K,Rice 5kg,69,300,360.0,0,2,Clear
2026-04-30,RICE-5K,Rice 5kg,69,300,360.0,0,2,Clear
2026-05-01,RICE-5K,Rice 5kg,76,300,360.0,1,2,Clear
2026-05-02,RICE-5K,Rice 5kg,80,300,360.0,0,2,Clear
2026-05-03,RICE-5K,Rice 5kg,77,300,360.0,0,2,Clear
2026-05-04,RICE-5K,Rice 5kg,84,300,360.0,0,2,Clear
2026-05-05,RICE-5K,Rice 5kg,81,300,360.0,0,2,Clear
2026-05-06,RICE-5K,Rice 5kg,72,300,360.0,0,2,Clear
2026-05-07,RICE-5K,Rice 5kg,64,300,360.0,0,2,Clear
2026-05-08,RICE-5K,Rice 5kg,62,300,360.0,0,2,Clear
2026-05-09,RICE-5K,Rice 5kg,86,300,360.0,0,2,Clear
2026-05-10,RICE-5K,Rice 5kg,79,300,360.0,0,2,Clear
2026-05-11,RICE-5K,Rice 5kg,72,300,360.0,0,2,Clear
2026-05-12,RICE-5K,Rice 5kg,56,300,360.0,0,2,Clear
2026-05-13,RICE-5K,Rice 5kg,75,300,360.0,0,2,Clear
2026-05-14,RICE-5K,Rice 5kg,71,300,360.0,0,2,Clear
2026-05-15,RICE-5K,Rice 5kg,72,300,360.0,1,2,Clear
2026-05-16,RICE-5K,Rice 5kg,71,300,360.0,0,2,Clear
2026-05-17,RICE-5K,Rice 5kg,76,300,360.0,0,2,Clear
2026-05-18,RICE-5K,Rice 5kg,66,300,360.0,0,2,Clear
2026-05-19,RICE-5K,Rice 5kg,63,300,360.0,0,2,Clear
2026-05-20,RICE-5K,Rice 5kg,64,300,360.0,0,2,Clear
2026-05-21,RICE-5K,Rice 5kg,62,300,360.0,0,2,Clear
2026-05-22,RICE-5K,Rice 5kg,64,300,360.0,0,2,Clear
2026-05-23,RICE-5K,Rice 5kg,80,300,360.0,0,2,Clear
2026-05-24,RICE-5K,Rice 5kg,51,300,360.0,0,2,Clear
2026-05-25,RICE-5K,Rice 5kg,59,300,360.0,0,2,Clear
2026-05-26,RICE-5K,Rice 5kg,62,300,360.0,0,2,Clear
2026-05-27,RICE-5K,Rice 5kg,62,300,360.0,0,2,Clear
2026-05-28,RICE-5K,Rice 5kg,56,300,360.0,0,2,Clear
2026-05-29,RICE-5K,Rice 5kg,46,300,360.0,0,2,Clear
2026-05-30,RICE-5K,Rice 5kg,67,300,360.0,0,2,Clear
2026-05-31,RICE-5K,Rice 5kg,76,300,360.0,0,2,Clear
2026-06-01,RICE-5K,Rice 5kg,56,300,360.0,1,3,Rainy
2026-06-02,RICE-5K,Rice 5kg,62,300,360.0,0,3,Rainy
2026-06-03,RICE-5K,Rice 5kg,53,300,360.0,0,3,Rainy
2026-06-04,RICE-5K,Rice 5kg,55,300,360.0,0,3,Rainy
2026-06-05,RICE-5K,Rice 5kg,47,300,360.0,0,3,Rainy
2026-06-06,RICE-5K,Rice 5kg,59,300,360.0,0,3,Rainy
2026-06-07,RICE-5K,Rice 5kg,70,300,360.0,0,3,Rainy
2026-06-08,RICE-5K,Rice 5kg,58,300,360.0,0,3,Rainy
2026-06-09,RICE-5K,Rice 5kg,66,300,360.0,0,3,Rainy
2026-06-10,RICE-5K,Rice 5kg,62,300,360.0,0,3,Rainy
2026-06-11,RICE-5K,Rice 5kg,57,300,360.0,0,3,Rainy
2026-06-12,RICE-5K,Rice 5kg,66,300,360.0,0,3,Rainy
2026-06-13,RICE-5K,Rice 5kg,63,300,360.0,0,3,Rainy
2026-06-14,RICE-5K,Rice 5kg,66,300,360.0,0,3,Rainy
2026-06-15,RICE-5K,Rice 5kg,62,300,360.0,1,3,Rainy
2026-06-16,RICE-5K,Rice 5kg,55,300,360.0,0,3,Rainy
2026-06-17,RICE-5K,Rice 5kg,50,300,360.0,0,3,Rainy
2026-06-18,RICE-5K,Rice 5kg,62,300,360.0,0,3,Rainy
2026-06-19,RICE-5K,Rice 5kg,47,300,360.0,0,3,Rainy
2026-06-20,RICE-5K,Rice 5kg,68,300,360.0,0,3,Rainy
2026-06-21,RICE-5K,Rice 5kg,62,300,360.0,0,3,Rainy
2026-06-22,RICE-5K,Rice 5kg,65,300,360.0,0,3,Rainy
2026-06-23,RICE-5K,Rice 5kg,63,300,360.0,0,3,Rainy
2026-06-24,RICE-5K,Rice 5kg,71,300,360.0,0,3,Rainy
2026-06-25,RICE-5K,Rice 5kg,64,300,360.0,0,3,Rainy
2026-06-26,RICE-5K,Rice 5kg,48,300,360.0,0,3,Rainy
2026-06-27,RICE-5K,Rice 5kg,67,300,360.0,0,3,Rainy
2026-06-28,RICE-5K,Rice 5kg,60,300,360.0,0,3,Rainy
2026-06-29,RICE-5K,Rice 5kg,58,300,360.0,0,3,Rainy
2026-06-30,RICE-5K,Rice 5kg,73,300,360.0,0,3,Rainy
2026-07-01,RICE-5K,Rice 5kg,79,300,360.0,1,3,Rainy
2026-07-02,RICE-5K,Rice 5kg,59,300,360.0,0,3,Rainy
2026-07-03,RICE-5K,Rice 5kg,57,300,360.0,0,3,Rainy
2026-07-04,RICE-5K,Rice 5kg,73,300,360.0,0,3,Rainy
2026-07-05,RICE-5K,Rice 5kg,65,300,360.0,0,3,Rainy
2026-07-06,RICE-5K,Rice 5kg,62,300,360.0,0,3,Rainy
2026-07-07,RICE-5K,Rice 5kg,70,300,360.0,0,3,Rainy
2026-07-08,RICE-5K,Rice 5kg,76,300,360.0,0,3,Rainy
2026-07-09,RICE-5K,Rice 5kg,73,300,360.0,0,3,Rainy
2026-07-10,RICE-5K,Rice 5kg,53,300,360.0,0,3,Rainy
2026-07-11,RICE-5K,Rice 5kg,80,300,360.0,0,3,Rainy
2026-07-12,RICE-5K,Rice 5kg,79,300,360.0,0,3,Rainy
2026-07-13,RICE-5K,Rice 5kg,74,300,360.0,0,3,Rainy
2026-07-14,RICE-5K,Rice 5kg,82,300,360.0,0,3,Rainy
2026-07-15,RICE-5K,Rice 5kg,70,300,360.0,1,3,Rainy
2026-07-16,RICE-5K,Rice 5kg,68,300,360.0,0,3,Rainy
2026-07-17,RICE-5K,Rice 5kg,76,300,360.0,0,3,Rainy
2026-07-18,RICE-5K,Rice 5kg,70,300,360.0,0,3,Rainy
2026-07-19,RICE-5K,Rice 5kg,91,300,360.0,0,3,Rainy
2026-07-20,RICE-5K,Rice 5kg,75,300,360.0,0,3,Rainy
2026-07-21,RICE-5K,Rice 5kg,78,300,360.0,0,3,Rainy
2026-07-22,RICE-5K,Rice 5kg,68,300,360.0,0,3,Rainy
2026-07-23,RICE-5K,Rice 5kg,78,300,360.0,0,3,Rainy
2026-07-24,RICE-5K,Rice 5kg,79,300,360.0,0,3,Rainy
2026-07-25,RICE-5K,Rice 5kg,82,300,360.0,0,3,Rainy
2026-07-26,RICE-5K,Rice 5kg,82,300,360.0,0,3,Rainy
2026-07-27,RICE-5K,Rice 5kg,73,300,360.0,0,3,Rainy
2026-07-28,RICE-5K,Rice 5kg,65,300,360.0,0,3,Rainy
2026-07-29,RICE-5K,Rice 5kg,69,300,360.0,0,3,Rainy
2026-01-31,BREAD-WHT,White Bread,97,150,34.0,0,1,Clear
2026-02-01,BREAD-WHT,White Bread,120,150,34.0,1,1,Clear
2026-02-02,BREAD-WHT,White Bread,97,150,34.0,0,1,Clear
2026-02-03,BREAD-WHT,White Bread,84,150,34.0,0,1,Clear
2026-02-04,BREAD-WHT,White Bread,91,150,34.0,0,1,Clear
2026-02-05,BREAD-WHT,White Bread,104,150,34.0,0,1,Clear
2026-02-06,BREAD-WHT,White Bread,89,150,34.0,0,1,Clear
2026-02-07,BREAD-WHT,White Bread,101,150,34.0,0,1,Clear
2026-02-08,BREAD-WHT,White Bread,109,150,34.0,0,1,Clear
2026-02-09,BREAD-WHT,White Bread,103,150,34.0,0,1,Clear
2026-02-10,BREAD-WHT,White Bread,98,150,34.0,0,1,Clear
2026-02-11,BREAD-WHT,White Bread,108,150,34.0,0,1,Clear
2026-02-12,BREAD-WHT,White Bread,105,150,34.0,0,1,Clear
2026-02-13,BREAD-WHT,White Bread,105,150,34.0,0,1,Clear
2026-02-14,BREAD-WHT,White Bread,116,150,34.0,0,1,Clear
2026-02-15,BREAD-WHT,White Bread,149,150,34.0,1,1,Clear
2026-02-16,BREAD-WHT,White Bread,99,150,34.0,0,1,Clear
2026-02-17,BREAD-WHT,White Bread,87,150,34.0,0,1,Clear
2026-02-18,BREAD-WHT,White Bread,113,150,34.0,0,1,Clear
2026-02-19,BREAD-WHT,White Bread,98,150,34.0,0,1,Clear
2026-02-20,BREAD-WHT,White Bread,102,150,34.0,0,1,Clear
2026-02-21,BREAD-WHT,White Bread,123,150,34.0,0,1,Clear
2026-02-22,BREAD-WHT,White Bread,102,150,34.0,0,1,Clear
2026-02-23,BREAD-WHT,White Bread,92,150,34.0,0,1,Clear
2026-02-24,BREAD-WHT,White Bread,89,150,34.0,0,1,Clear
2026-02-25,BREAD-WHT,White Bread,95,150,34.0,0,1,Clear
2026-02-26,BREAD-WHT,White Bread,103,150,34.0,0,1,Clear
2026-02-27,BREAD-WHT,White Bread,103,150,34.0,0,1,Clear
2026-02-28,BREAD-WHT,White Bread,112,150,34.0,0,1,Clear
2026-03-01,BREAD-WHT,White Bread,119,150,34.0,1,2,Clear
2026-03-02,BREAD-WHT,White Bread,81,150,34.0,0,2,Clear
2026-03-03,BREAD-WHT,White Bread,97,150,34.0,0,2,Clear
2026-03-04,BREAD-WHT,White Bread,92,150,34.0,0,2,Clear
2026-03-05,BREAD-WHT,White Bread,98,150,34.0,0,2,Clear
2026-03-06,BREAD-WHT,White Bread,98,150,34.0,0,2,Clear
2026-03-07,BREAD-WHT,White Bread,105,150,34.0,0,2,Clear
2026-03-08,BREAD-WHT,White Bread,108,150,34.0,0,2,Clear
2026-03-09,BREAD-WHT,White Bread,92,150,34.0,0,2,Clear
2026-03-10,BREAD-WHT,White Bread,93,150,34.0,0,2,Clear
2026-03-11,BREAD-WHT,White Bread,84,150,34.0,0,2,Clear
2026-03-12,BREAD-WHT,White Bread,86,150,34.0,0,2,Clear
2026-03-13,BREAD-WHT,White Bread,88,150,34.0,0,2,Clear
2026-03-14,BREAD-WHT,White Bread,102,150,34.0,0,2,Clear
2026-03-15,BREAD-WHT,White Bread,109,150,34.0,1,2,Clear
2026-03-16,BREAD-WHT,White Bread,87,150,34.0,0,2,Clear
2026-03-17,BREAD-WHT,White Bread,81,150,34.0,0,2,Clear
2026-03-18,BREAD-WHT,White Bread,81,150,34.0,0,2,Clear
2026-03-19,BREAD-WHT,White Bread,87,150,34.0,0,2,Clear
2026-03-20,BREAD-WHT,White Bread,67,150,34.0,0,2,Clear
2026-03-21,BREAD-WHT,White Bread,81,150,34.0,0,2,Clear
2026-03-22,BREAD-WHT,White Bread,79,150,34.0,0,2,Clear
2026-03-23,BREAD-WHT,White Bread,63,150,34.0,0,2,Clear
2026-03-24,BREAD-WHT,White Bread,74,150,34.0,0,2,Clear
2026-03-25,BREAD-WHT,White Bread,84,150,34.0,0,2,Clear
2026-03-26,BREAD-WHT,White Bread,76,150,34.0,0,2,Clear
2026-03-27,BREAD-WHT,White Bread,79,150,34.0,0,2,Clear
2026-03-28,BREAD-WHT,White Bread,95,150,34.0,0,2,Clear
2026-03-29,BREAD-WHT,White Bread,97,150,34.0,0,2,Clear
2026-03-30,BREAD-WHT,White Bread,78,150,34.0,0,2,Clear
2026-03-31,BREAD-WHT,White Bread,88,150,34.0,0,2,Clear
2026-04-01,BREAD-WHT,White Bread,94,150,34.0,1,2,Clear
2026-04-02,BREAD-WHT,White Bread,73,150,34.0,0,2,Clear
2026-04-03,BREAD-WHT,White Bread,75,150,34.0,0,2,Clear
2026-04-04,BREAD-WHT,White Bread,79,150,34.0,0,2,Clear
2026-04-05,BREAD-WHT,White Bread,84,150,34.0,0,2,Clear
2026-04-06,BREAD-WHT,White Bread,79,150,34.0,0,2,Clear
2026-04-07,BREAD-WHT,White Bread,88,150,34.0,0,2,Clear
2026-04-08,BREAD-WHT,White Bread,95,150,34.0,0,2,Clear
2026-04-09,BREAD-WHT,White Bread,74,150,34.0,0,2,Clear
2026-04-10,BREAD-WHT,White Bread,88,150,34.0,0,2,Clear
2026-04-11,BREAD-WHT,White Bread,89,150,34.0,0,2,Clear
2026-04-12,BREAD-WHT,White Bread,101,150,34.0,0,2,Clear
2026-04-13,BREAD-WHT,White Bread,87,150,34.0,0,2,Clear
2026-04-14,BREAD-WHT,White Bread,76,150,34.0,0,2,Clear
2026-04-15,BREAD-WHT,White Bread,113,150,34.0,1,2,Clear
2026-04-16,BREAD-WHT,White Bread,87,150,34.0,0,2,Clear
2026-04-17,BREAD-WHT,White Bread,89,150,34.0,0,2,Clear
2026-04-18,BREAD-WHT,White Bread,97,150,34.0,0,2,Clear
2026-04-19,BREAD-WHT,White Bread,101,150,34.0,0,2,Clear
2026-04-20,BREAD-WHT,White Bread,99,150,34.0,0,2,Clear
2026-04-21,BREAD-WHT,White Bread,95,150,34.0,0,2,Clear
2026-04-22,BREAD-WHT,White Bread,100,150,34.0,0,2,Clear
2026-04-23,BREAD-WHT,White Bread,101,150,34.0,0,2,Clear
2026-04-24,BREAD-WHT,White Bread,109,150,34.0,0,2,Clear
2026-04-25,BREAD-WHT,White Bread,110,150,34.0,0,2,Clear
2026-04-26,BREAD-WHT,White Bread,103,150,34.0,0,2,Clear
2026-04-27,BREAD-WHT,White Bread,110,150,34.0,0,2,Clear
2026-04-28,BREAD-WHT,White Bread,101,150,34.0,0,2,Clear
2026-04-29,BREAD-WHT,White Bread,111,150,34.0,0,2,Clear
2026-04-30,BREAD-WHT,White Bread,107,150,34.0,0,2,Clear
2026-05-01,BREAD-WHT,White Bread,122,150,34.0,1,2,Clear
2026-05-02,BREAD-WHT,White Bread,120,150,34.0,0,2,Clear
2026-05-03,BREAD-WHT,White Bread,132,150,34.0,0,2,Clear
2026-05-04,BREAD-WHT,White Bread,120,150,34.0,0,2,Clear
2026-05-05,BREAD-WHT,White Bread,106,150,34.0,0,2,Clear
2026-05-06,BREAD-WHT,White Bread,107,150,34.0,0,2,Clear
2026-05-07,BREAD-WHT,White Bread,113,150,34.0,0,2,Clear
2026-05-08,BREAD-WHT,White Bread,99,150,34.0,0,2,Clear
2026-05-09,BREAD-WHT,White Bread,120,150,34.0,0,2,Clear
2026-05-10,BREAD-WHT,White Bread,117,150,34.0,0,2,Clear
2026-05-11,BREAD-WHT,White Bread,107,150,34.0,0,2,Clear
2026-05-12,BREAD-WHT,White Bread,98,150,34.0,0,2,Clear
2026-05-13,BREAD-WHT,White Bread,92,150,34.0,0,2,Clear
2026-05-14,BREAD-WHT,White Bread,88,150,34.0,0,2,Clear
2026-05-15,BREAD-WHT,White Bread,113,150,34.0,1,2,Clear
2026-05-16,BREAD-WHT,White Bread,110,150,34.0,0,2,Clear
2026-05-17,BREAD-WHT,White Bread,110,150,34.0,0,2,Clear
2026-05-18,BREAD-WHT,White Bread,113,150,34.0,0,2,Clear
2026-05-19,BREAD-WHT,White Bread,106,150,34.0,0,2,Clear
2026-05-20,BREAD-WHT,White Bread,91,150,34.0,0,2,Clear
2026-05-21,BREAD-WHT,White Bread,99,150,34.0,0,2,Clear
2026-05-22,BREAD-WHT,White Bread,93,150,34.0,0,2,Clear
2026-05-23,BREAD-WHT,White Bread,104,150,34.0,0,2,Clear
2026-05-24,BREAD-WHT,White Bread,106,150,34.0,0,2,Clear
2026-05-25,BREAD-WHT,White Bread,97,150,34.0,0,2,Clear
2026-05-26,BREAD-WHT,White Bread,89,150,34.0,0,2,Clear
2026-05-27,BREAD-WHT,White Bread,98,150,34.0,0,2,Clear
2026-05-28,BREAD-WHT,White Bread,82,150,34.0,0,2,Clear
2026-05-29,BREAD-WHT,White Bread,89,150,34.0,0,2,Clear
2026-05-30,BREAD-WHT,White Bread,116,150,34.0,0,2,Clear
2026-05-31,BREAD-WHT,White Bread,99,150,34.0,0,2,Clear
2026-06-01,BREAD-WHT,White Bread,111,150,34.0,1,3,Rainy
2026-06-02,BREAD-WHT,White Bread,86,150,34.0,0,3,Rainy
2026-06-03,BREAD-WHT,White Bread,88,150,34.0,0,3,Rainy
2026-06-04,BREAD-WHT,White Bread,83,150,34.0,0,3,Rainy
2026-06-05,BREAD-WHT,White Bread,82,150,34.0,0,3,Rainy
2026-06-06,BREAD-WHT,White Bread,87,150,34.0,0,3,Rainy
2026-06-07,BREAD-WHT,White Bread,95,150,34.0,0,3,Rainy
2026-06-08,BREAD-WHT,White Bread,76,150,34.0,0,3,Rainy
2026-06-09,BREAD-WHT,White Bread,86,150,34.0,0,3,Rainy
2026-06-10,BREAD-WHT,White Bread,89,150,34.0,0,3,Rainy
2026-06-11,BREAD-WHT,White Bread,84,150,34.0,0,3,Rainy
2026-06-12,BREAD-WHT,White Bread,79,150,34.0,0,3,Rainy
2026-06-13,BREAD-WHT,White Bread,94,150,34.0,0,3,Rainy
2026-06-14,BREAD-WHT,White Bread,89,150,34.0,0,3,Rainy
2026-06-15,BREAD-WHT,White Bread,103,150,34.0,1,3,Rainy
2026-06-16,BREAD-WHT,White Bread,69,150,34.0,0,3,Rainy
2026-06-17,BREAD-WHT,White Bread,80,150,34.0,0,3,Rainy
2026-06-18,BREAD-WHT,White Bread,69,150,34.0,0,3,Rainy
2026-06-19,BREAD-WHT,White Bread,73,150,34.0,0,3,Rainy
2026-06-20,BREAD-WHT,White Bread,104,150,34.0,0,3,Rainy
2026-06-21,BREAD-WHT,White Bread,102,150,34.0,0,3,Rainy
2026-06-22,BREAD-WHT,White Bread,81,150,34.0,0,3,Rainy
2026-06-23,BREAD-WHT,White Bread,76,150,34.0,0,3,Rainy
2026-06-24,BREAD-WHT,White Bread,67,150,34.0,0,3,Rainy
2026-06-25,BREAD-WHT,White Bread,85,150,34.0,0,3,Rainy
2026-06-26,BREAD-WHT,White Bread,107,150,34.0,0,3,Rainy
2026-06-27,BREAD-WHT,White Bread,105,150,34.0,0,3,Rainy
2026-06-28,BREAD-WHT,White Bread,99,150,34.0,0,3,Rainy
2026-06-29,BREAD-WHT,White Bread,97,150,34.0,0,3,Rainy
2026-06-30,BREAD-WHT,White Bread,84,150,34.0,0,3,Rainy
2026-07-01,BREAD-WHT,White Bread,111,150,34.0,1,3,Rainy
2026-07-02,BREAD-WHT,White Bread,97,150,34.0,0,3,Rainy
2026-07-03,BREAD-WHT,White Bread,97,150,34.0,0,3,Rainy
2026-07-04,BREAD-WHT,White Bread,116,150,34.0,0,3,Rainy
2026-07-05,BREAD-WHT,White Bread,115,150,34.0,0,3,Rainy
2026-07-06,BREAD-WHT,White Bread,106,150,34.0,0,3,Rainy
2026-07-07,BREAD-WHT,White Bread,97,150,34.0,0,3,Rainy
2026-07-08,BREAD-WHT,White Bread,110,150,34.0,0,3,Rainy
2026-07-09,BREAD-WHT,White Bread,116,150,34.0,0,3,Rainy
2026-07-10,BREAD-WHT,White Bread,98,150,34.0,0,3,Rainy
2026-07-11,BREAD-WHT,White Bread,112,150,34.0,0,3,Rainy
2026-07-12,BREAD-WHT,White Bread,129,150,34.0,0,3,Rainy
2026-07-13,BREAD-WHT,White Bread,106,150,34.0,0,3,Rainy
2026-07-14,BREAD-WHT,White Bread,118,150,34.0,0,3,Rainy
2026-07-15,BREAD-WHT,White Bread,125,150,34.0,1,3,Rainy
2026-07-16,BREAD-WHT,White Bread,119,150,34.0,0,3,Rainy
2026-07-17,BREAD-WHT,White Bread,110,150,34.0,0,3,Rainy
2026-07-18,BREAD-WHT,White Bread,125,150,34.0,0,3,Rainy
2026-07-19,BREAD-WHT,White Bread,134,150,34.0,0,3,Rainy
2026-07-20,BREAD-WHT,White Bread,107,150,34.0,0,3,Rainy
2026-07-21,BREAD-WHT,White Bread,103,150,34.0,0,3,Rainy
2026-07-22,BREAD-WHT,White Bread,107,150,34.0,0,3,Rainy
2026-07-23,BREAD-WHT,White Bread,113,150,34.0,0,3,Rainy
2026-07-24,BREAD-WHT,White Bread,98,150,34.0,0,3,Rainy
2026-07-25,BREAD-WHT,White Bread,126,150,34.0,0,3,Rainy
2026-07-26,BREAD-WHT,White Bread,117,150,34.0,0,3,Rainy
2026-07-27,BREAD-WHT,White Bread,116,150,34.0,0,3,Rainy
2026-07-28,BREAD-WHT,White Bread,90,150,34.0,0,3,Rainy
2026-07-29,BREAD-WHT,White Bread,101,150,34.0,0,3,Rainy
2026-01-31,SHAM-400,Shampoo 400ml,25,205,198.0,0,1,Clear
2026-02-01,SHAM-400,Shampoo 400ml,38,205,198.0,1,1,Clear
2026-02-02,SHAM-400,Shampoo 400ml,36,205,198.0,0,1,Clear
2026-02-03,SHAM-400,Shampoo 400ml,33,205,198.0,0,1,Clear
2026-02-04,SHAM-400,Shampoo 400ml,33,205,198.0,0,1,Clear
2026-02-05,SHAM-400,Shampoo 400ml,34,205,198.0,0,1,Clear
2026-02-06,SHAM-400,Shampoo 400ml,37,205,198.0,0,1,Clear
2026-02-07,SHAM-400,Shampoo 400ml,33,205,198.0,0,1,Clear
2026-02-08,SHAM-400,Shampoo 400ml,45,205,198.0,0,1,Clear
2026-02-09,SHAM-400,Shampoo 400ml,41,205,198.0,0,1,Clear
2026-02-10,SHAM-400,Shampoo 400ml,39,205,198.0,0,1,Clear
2026-02-11,SHAM-400,Shampoo 400ml,41,205,198.0,0,1,Clear
2026-02-12,SHAM-400,Shampoo 400ml,39,205,198.0,0,1,Clear
2026-02-13,SHAM-400,Shampoo 400ml,52,205,198.0,0,1,Clear
2026-02-14,SHAM-400,Shampoo 400ml,41,205,198.0,0,1,Clear
2026-02-15,SHAM-400,Shampoo 400ml,48,205,198.0,1,1,Clear
2026-02-16,SHAM-400,Shampoo 400ml,33,205,198.0,0,1,Clear
2026-02-17,SHAM-400,Shampoo 400ml,31,205,198.0,0,1,Clear
2026-02-18,SHAM-400,Shampoo 400ml,29,205,198.0,0,1,Clear
2026-02-19,SHAM-400,Shampoo 400ml,32,205,198.0,0,1,Clear
2026-02-20,SHAM-400,Shampoo 400ml,38,205,198.0,0,1,Clear
2026-02-21,SHAM-400,Shampoo 400ml,45,205,198.0,0,1,Clear
2026-02-22,SHAM-400,Shampoo 400ml,43,205,198.0,0,1,Clear
2026-02-23,SHAM-400,Shampoo 400ml,32,205,198.0,0,1,Clear
2026-02-24,SHAM-400,Shampoo 400ml,44,205,198.0,0,1,Clear
2026-02-25,SHAM-400,Shampoo 400ml,43,205,198.0,0,1,Clear
2026-02-26,SHAM-400,Shampoo 400ml,36,205,198.0,0,1,Clear
2026-02-27,SHAM-400,Shampoo 400ml,33,205,198.0,0,1,Clear
2026-02-28,SHAM-400,Shampoo 400ml,45,205,198.0,0,1,Clear
2026-03-01,SHAM-400,Shampoo 400ml,50,205,198.0,1,2,Clear
2026-03-02,SHAM-400,Shampoo 400ml,26,205,198.0,0,2,Clear
2026-03-03,SHAM-400,Shampoo 400ml,36,205,198.0,0,2,Clear
2026-03-04,SHAM-400,Shampoo 400ml,38,205,198.0,0,2,Clear
2026-03-05,SHAM-400,Shampoo 400ml,29,205,198.0,0,2,Clear
2026-03-06,SHAM-400,Shampoo 400ml,36,205,198.0,0,2,Clear
2026-03-07,SHAM-400,Shampoo 400ml,29,205,198.0,0,2,Clear
2026-03-08,SHAM-400,Shampoo 400ml,48,205,198.0,0,2,Clear
2026-03-09,SHAM-400,Shampoo 400ml,43,205,198.0,0,2,Clear
2026-03-10,SHAM-400,Shampoo 400ml,32,205,198.0,0,2,Clear
2026-03-11,SHAM-400,Shampoo 400ml,36,205,198.0,0,2,Clear
2026-03-12,SHAM-400,Shampoo 400ml,16,205,198.0,0,2,Clear
2026-03-13,SHAM-400,Shampoo 400ml,24,205,198.0,0,2,Clear
2026-03-14,SHAM-400,Shampoo 400ml,34,205,198.0,0,2,Clear
2026-03-15,SHAM-400,Shampoo 400ml,34,205,198.0,1,2,Clear
2026-03-16,SHAM-400,Shampoo 400ml,36,205,198.0,0,2,Clear
2026-03-17,SHAM-400,Shampoo 400ml,45,205,198.0,0,2,Clear
2026-03-18,SHAM-400,Shampoo 400ml,23,205,198.0,0,2,Clear
2026-03-19,SHAM-400,Shampoo 400ml,25,205,198.0,0,2,Clear
2026-03-20,SHAM-400,Shampoo 400ml,32,205,198.0,0,2,Clear
2026-03-21,SHAM-400,Shampoo 400ml,45,205,198.0,0,2,Clear
2026-03-22,SHAM-400,Shampoo 400ml,25,205,198.0,0,2,Clear
2026-03-23,SHAM-400,Shampoo 400ml,31,205,198.0,0,2,Clear
2026-03-24,SHAM-400,Shampoo 400ml,42,205,198.0,0,2,Clear
2026-03-25,SHAM-400,Shampoo 400ml,18,205,198.0,0,2,Clear
2026-03-26,SHAM-400,Shampoo 400ml,20,205,198.0,0,2,Clear
2026-03-27,SHAM-400,Shampoo 400ml,26,205,198.0,0,2,Clear
2026-03-28,SHAM-400,Shampoo 400ml,29,205,198.0,0,2,Clear
2026-03-29,SHAM-400,Shampoo 400ml,38,205,198.0,0,2,Clear
2026-03-30,SHAM-400,Shampoo 400ml,31,205,198.0,0,2,Clear
2026-03-31,SHAM-400,Shampoo 400ml,17,205,198.0,0,2,Clear
2026-04-01,SHAM-400,Shampoo 400ml,38,205,198.0,1,2,Clear
2026-04-02,SHAM-400,Shampoo 400ml,26,205,198.0,0,2,Clear
2026-04-03,SHAM-400,Shampoo 400ml,39,205,198.0,0,2,Clear
2026-04-04,SHAM-400,Shampoo 400ml,29,205,198.0,0,2,Clear
2026-04-05,SHAM-400,Shampoo 400ml,29,205,198.0,0,2,Clear
2026-04-06,SHAM-400,Shampoo 400ml,34,205,198.0,0,2,Clear
2026-04-07,SHAM-400,Shampoo 400ml,36,205,198.0,0,2,Clear
2026-04-08,SHAM-400,Shampoo 400ml,34,205,198.0,0,2,Clear
2026-04-09,SHAM-400,Shampoo 400ml,20,205,198.0,0,2,Clear
2026-04-10,SHAM-400,Shampoo 400ml,36,205,198.0,0,2,Clear
2026-04-11,SHAM-400,Shampoo 400ml,29,205,198.0,0,2,Clear
2026-04-12,SHAM-400,Shampoo 400ml,38,205,198.0,0,2,Clear
2026-04-13,SHAM-400,Shampoo 400ml,23,205,198.0,0,2,Clear
2026-04-14,SHAM-400,Shampoo 400ml,37,205,198.0,0,2,Clear
2026-04-15,SHAM-400,Shampoo 400ml,34,205,198.0,1,2,Clear
2026-04-16,SHAM-400,Shampoo 400ml,25,205,198.0,0,2,Clear
2026-04-17,SHAM-400,Shampoo 400ml,40,205,198.0,0,2,Clear
2026-04-18,SHAM-400,Shampoo 400ml,41,205,198.0,0,2,Clear
2026-04-19,SHAM-400,Shampoo 400ml,35,205,198.0,0,2,Clear
2026-04-20,SHAM-400,Shampoo 400ml,46,205,198.0,0,2,Clear
2026-04-21,SHAM-400,Shampoo 400ml,33,205,198.0,0,2,Clear
2026-04-22,SHAM-400,Shampoo 400ml,37,205,198.0,0,2,Clear
2026-04-23,SHAM-400,Shampoo 400ml,39,205,198.0,0,2,Clear
2026-04-24,SHAM-400,Shampoo 400ml,33,205,198.0,0,2,Clear
2026-04-25,SHAM-400,Shampoo 400ml,46,205,198.0,0,2,Clear
2026-04-26,SHAM-400,Shampoo 400ml,39,205,198.0,0,2,Clear
2026-04-27,SHAM-400,Shampoo 400ml,35,205,198.0,0,2,Clear
2026-04-28,SHAM-400,Shampoo 400ml,48,205,198.0,0,2,Clear
2026-04-29,SHAM-400,Shampoo 400ml,32,205,198.0,0,2,Clear
2026-04-30,SHAM-400,Shampoo 400ml,22,205,198.0,0,2,Clear
2026-05-01,SHAM-400,Shampoo 400ml,58,205,198.0,1,2,Clear
2026-05-02,SHAM-400,Shampoo 400ml,62,205,198.0,0,2,Clear
2026-05-03,SHAM-400,Shampoo 400ml,41,205,198.0,0,2,Clear
2026-05-04,SHAM-400,Shampoo 400ml,26,205,198.0,0,2,Clear
2026-05-05,SHAM-400,Shampoo 400ml,37,205,198.0,0,2,Clear
2026-05-06,SHAM-400,Shampoo 400ml,38,205,198.0,0,2,Clear
2026-05-07,SHAM-400,Shampoo 400ml,38,205,198.0,0,2,Clear
2026-05-08,SHAM-400,Shampoo 400ml,32,205,198.0,0,2,Clear
2026-05-09,SHAM-400,Shampoo 400ml,48,205,198.0,0,2,Clear
2026-05-10,SHAM-400,Shampoo 400ml,48,205,198.0,0,2,Clear
2026-05-11,SHAM-400,Shampoo 400ml,29,205,198.0,0,2,Clear
2026-05-12,SHAM-400,Shampoo 400ml,44,205,198.0,0,2,Clear
2026-05-13,SHAM-400,Shampoo 400ml,53,205,198.0,0,2,Clear
2026-05-14,SHAM-400,Shampoo 400ml,40,205,198.0,0,2,Clear
2026-05-15,SHAM-400,Shampoo 400ml,43,205,198.0,1,2,Clear
2026-05-16,SHAM-400,Shampoo 400ml,42,205,198.0,0,2,Clear
2026-05-17,SHAM-400,Shampoo 400ml,46,205,198.0,0,2,Clear
2026-05-18,SHAM-400,Shampoo 400ml,25,205,198.0,0,2,Clear
2026-05-19,SHAM-400,Shampoo 400ml,38,205,198.0,0,2,Clear
2026-05-20,SHAM-400,Shampoo 400ml,34,205,198.0,0,2,Clear
2026-05-21,SHAM-400,Shampoo 400ml,49,205,198.0,0,2,Clear
2026-05-22,SHAM-400,Shampoo 400ml,35,205,198.0,0,2,Clear
2026-05-23,SHAM-400,Shampoo 400ml,51,205,198.0,0,2,Clear
2026-05-24,SHAM-400,Shampoo 400ml,32,205,198.0,0,2,Clear
2026-05-25,SHAM-400,Shampoo 400ml,39,205,198.0,0,2,Clear
2026-05-26,SHAM-400,Shampoo 400ml,37,205,198.0,0,2,Clear
2026-05-27,SHAM-400,Shampoo 400ml,28,205,198.0,0,2,Clear
2026-05-28,SHAM-400,Shampoo 400ml,35,205,198.0,0,2,Clear
2026-05-29,SHAM-400,Shampoo 400ml,42,205,198.0,0,2,Clear
2026-05-30,SHAM-400,Shampoo 400ml,35,205,198.0,0,2,Clear
2026-05-31,SHAM-400,Shampoo 400ml,25,205,198.0,0,2,Clear
2026-06-01,SHAM-400,Shampoo 400ml,38,205,198.0,1,3,Rainy
2026-06-02,SHAM-400,Shampoo 400ml,26,205,198.0,0,3,Rainy
2026-06-03,SHAM-400,Shampoo 400ml,29,205,198.0,0,3,Rainy
2026-06-04,SHAM-400,Shampoo 400ml,31,205,198.0,0,3,Rainy
2026-06-05,SHAM-400,Shampoo 400ml,19,205,198.0,0,3,Rainy
2026-06-06,SHAM-400,Shampoo 400ml,23,205,198.0,0,3,Rainy
2026-06-07,SHAM-400,Shampoo 400ml,38,205,198.0,0,3,Rainy
2026-06-08,SHAM-400,Shampoo 400ml,27,205,198.0,0,3,Rainy
2026-06-09,SHAM-400,Shampoo 400ml,13,205,198.0,0,3,Rainy
2026-06-10,SHAM-400,Shampoo 400ml,36,205,198.0,0,3,Rainy
2026-06-11,SHAM-400,Shampoo 400ml,32,205,198.0,0,3,Rainy
2026-06-12,SHAM-400,Shampoo 400ml,25,205,198.0,0,3,Rainy
2026-06-13,SHAM-400,Shampoo 400ml,25,205,198.0,0,3,Rainy
2026-06-14,SHAM-400,Shampoo 400ml,40,205,198.0,0,3,Rainy
2026-06-15,SHAM-400,Shampoo 400ml,39,205,198.0,1,3,Rainy
2026-06-16,SHAM-400,Shampoo 400ml,47,205,198.0,0,3,Rainy
2026-06-17,SHAM-400,Shampoo 400ml,34,205,198.0,0,3,Rainy
2026-06-18,SHAM-400,Shampoo 400ml,34,205,198.0,0,3,Rainy
2026-06-19,SHAM-400,Shampoo 400ml,30,205,198.0,0,3,Rainy
2026-06-20,SHAM-400,Shampoo 400ml,41,205,198.0,0,3,Rainy
2026-06-21,SHAM-400,Shampoo 400ml,40,205,198.0,0,3,Rainy
2026-06-22,SHAM-400,Shampoo 400ml,41,205,198.0,0,3,Rainy
2026-06-23,SHAM-400,Shampoo 400ml,29,205,198.0,0,3,Rainy
2026-06-24,SHAM-400,Shampoo 400ml,30,205,198.0,0,3,Rainy
2026-06-25,SHAM-400,Shampoo 400ml,30,205,198.0,0,3,Rainy
2026-06-26,SHAM-400,Shampoo 400ml,39,205,198.0,0,3,Rainy
2026-06-27,SHAM-400,Shampoo 400ml,49,205,198.0,0,3,Rainy
2026-06-28,SHAM-400,Shampoo 400ml,35,205,198.0,0,3,Rainy
2026-06-29,SHAM-400,Shampoo 400ml,32,205,198.0,0,3,Rainy
2026-06-30,SHAM-400,Shampoo 400ml,38,205,198.0,0,3,Rainy
2026-07-01,SHAM-400,Shampoo 400ml,41,205,198.0,1,3,Rainy
2026-07-02,SHAM-400,Shampoo 400ml,43,205,198.0,0,3,Rainy
2026-07-03,SHAM-400,Shampoo 400ml,21,205,198.0,0,3,Rainy
2026-07-04,SHAM-400,Shampoo 400ml,36,205,198.0,0,3,Rainy
2026-07-05,SHAM-400,Shampoo 400ml,37,205,198.0,0,3,Rainy
2026-07-06,SHAM-400,Shampoo 400ml,22,205,198.0,0,3,Rainy
2026-07-07,SHAM-400,Shampoo 400ml,32,205,198.0,0,3,Rainy
2026-07-08,SHAM-400,Shampoo 400ml,32,205,198.0,0,3,Rainy
2026-07-09,SHAM-400,Shampoo 400ml,38,205,198.0,0,3,Rainy
2026-07-10,SHAM-400,Shampoo 400ml,47,205,198.0,0,3,Rainy
2026-07-11,SHAM-400,Shampoo 400ml,43,205,198.0,0,3,Rainy
2026-07-12,SHAM-400,Shampoo 400ml,38,205,198.0,0,3,Rainy
2026-07-13,SHAM-400,Shampoo 400ml,40,205,198.0,0,3,Rainy
2026-07-14,SHAM-400,Shampoo 400ml,48,205,198.0,0,3,Rainy
2026-07-15,SHAM-400,Shampoo 400ml,41,205,198.0,1,3,Rainy
2026-07-16,SHAM-400,Shampoo 400ml,34,205,198.0,0,3,Rainy
2026-07-17,SHAM-400,Shampoo 400ml,45,205,198.0,0,3,Rainy
2026-07-18,SHAM-400,Shampoo 400ml,44,205,198.0,0,3,Rainy
2026-07-19,SHAM-400,Shampoo 400ml,51,205,198.0,0,3,Rainy
2026-07-20,SHAM-400,Shampoo 400ml,41,205,198.0,0,3,Rainy
2026-07-21,SHAM-400,Shampoo 400ml,46,205,198.0,0,3,Rainy
2026-07-22,SHAM-400,Shampoo 400ml,34,205,198.0,0,3,Rainy
2026-07-23,SHAM-400,Shampoo 400ml,41,205,198.0,0,3,Rainy
2026-07-24,SHAM-400,Shampoo 400ml,39,205,198.0,0,3,Rainy
2026-07-25,SHAM-400,Shampoo 400ml,37,205,198.0,0,3,Rainy
2026-07-26,SHAM-400,Shampoo 400ml,35,205,198.0,0,3,Rainy
2026-07-27,SHAM-400,Shampoo 400ml,45,205,198.0,0,3,Rainy
2026-07-28,SHAM-400,Shampoo 400ml,38,205,198.0,0,3,Rainy
2026-07-29,SHAM-400,Shampoo 400ml,33,205,198.0,0,3,Rainy
2026-01-31,CHIP-200,Potato Chips 200g,56,620,48.0,0,1,Clear
2026-02-01,CHIP-200,Potato Chips 200g,76,620,48.0,1,1,Clear
2026-02-02,CHIP-200,Potato Chips 200g,36,620,48.0,0,1,Clear
2026-02-03,CHIP-200,Potato Chips 200g,42,620,48.0,0,1,Clear
2026-02-04,CHIP-200,Potato Chips 200g,47,620,48.0,0,1,Clear
2026-02-05,CHIP-200,Potato Chips 200g,64,620,48.0,0,1,Clear
2026-02-06,CHIP-200,Potato Chips 200g,57,620,48.0,0,1,Clear
2026-02-07,CHIP-200,Potato Chips 200g,67,620,48.0,0,1,Clear
2026-02-08,CHIP-200,Potato Chips 200g,54,620,48.0,0,1,Clear
2026-02-09,CHIP-200,Potato Chips 200g,48,620,48.0,0,1,Clear
2026-02-10,CHIP-200,Potato Chips 200g,60,620,48.0,0,1,Clear
2026-02-11,CHIP-200,Potato Chips 200g,57,620,48.0,0,1,Clear
2026-02-12,CHIP-200,Potato Chips 200g,61,620,48.0,0,1,Clear
2026-02-13,CHIP-200,Potato Chips 200g,56,620,48.0,0,1,Clear
2026-02-14,CHIP-200,Potato Chips 200g,67,620,48.0,0,1,Clear
2026-02-15,CHIP-200,Potato Chips 200g,78,620,48.0,1,1,Clear
2026-02-16,CHIP-200,Potato Chips 200g,64,620,48.0,0,1,Clear
2026-02-17,CHIP-200,Potato Chips 200g,64,620,48.0,0,1,Clear
2026-02-18,CHIP-200,Potato Chips 200g,47,620,48.0,0,1,Clear
2026-02-19,CHIP-200,Potato Chips 200g,43,620,48.0,0,1,Clear
2026-02-20,CHIP-200,Potato Chips 200g,66,620,48.0,0,1,Clear
2026-02-21,CHIP-200,Potato Chips 200g,74,620,48.0,0,1,Clear
2026-02-22,CHIP-200,Potato Chips 200g,58,620,48.0,0,1,Clear
2026-02-23,CHIP-200,Potato Chips 200g,45,620,48.0,0,1,Clear
2026-02-24,CHIP-200,Potato Chips 200g,59,620,48.0,0,1,Clear
2026-02-25,CHIP-200,Potato Chips 200g,65,620,48.0,0,1,Clear
2026-02-26,CHIP-200,Potato Chips 200g,70,620,48.0,0,1,Clear
2026-02-27,CHIP-200,Potato Chips 200g,61,620,48.0,0,1,Clear
2026-02-28,CHIP-200,Potato Chips 200g,61,620,48.0,0,1,Clear
2026-03-01,CHIP-200,Potato Chips 200g,69,620,48.0,1,2,Clear
2026-03-02,CHIP-200,Potato Chips 200g,56,620,48.0,0,2,Clear
2026-03-03,CHIP-200,Potato Chips 200g,54,620,48.0,0,2,Clear
2026-03-04,CHIP-200,Potato Chips 200g,48,620,48.0,0,2,Clear
2026-03-05,CHIP-200,Potato Chips 200g,69,620,48.0,0,2,Clear
2026-03-06,CHIP-200,Potato Chips 200g,67,620,48.0,0,2,Clear
2026-03-07,CHIP-200,Potato Chips 200g,68,620,48.0,0,2,Clear
2026-03-08,CHIP-200,Potato Chips 200g,53,620,48.0,0,2,Clear
2026-03-09,CHIP-200,Potato Chips 200g,58,620,48.0,0,2,Clear
2026-03-10,CHIP-200,Potato Chips 200g,56,620,48.0,0,2,Clear
2026-03-11,CHIP-200,Potato Chips 200g,54,620,48.0,0,2,Clear
2026-03-12,CHIP-200,Potato Chips 200g,59,620,48.0,0,2,Clear
2026-03-13,CHIP-200,Potato Chips 200g,55,620,48.0,0,2,Clear
2026-03-14,CHIP-200,Potato Chips 200g,61,620,48.0,0,2,Clear
2026-03-15,CHIP-200,Potato Chips 200g,69,620,48.0,1,2,Clear
2026-03-16,CHIP-200,Potato Chips 200g,51,620,48.0,0,2,Clear
2026-03-17,CHIP-200,Potato Chips 200g,36,620,48.0,0,2,Clear
2026-03-18,CHIP-200,Potato Chips 200g,48,620,48.0,0,2,Clear
2026-03-19,CHIP-200,Potato Chips 200g,43,620,48.0,0,2,Clear
2026-03-20,CHIP-200,Potato Chips 200g,38,620,48.0,0,2,Clear
2026-03-21,CHIP-200,Potato Chips 200g,64,620,48.0,0,2,Clear
2026-03-22,CHIP-200,Potato Chips 200g,64,620,48.0,0,2,Clear
2026-03-23,CHIP-200,Potato Chips 200g,55,620,48.0,0,2,Clear
2026-03-24,CHIP-200,Potato Chips 200g,47,620,48.0,0,2,Clear
2026-03-25,CHIP-200,Potato Chips 200g,55,620,48.0,0,2,Clear
2026-03-26,CHIP-200,Potato Chips 200g,45,620,48.0,0,2,Clear
2026-03-27,CHIP-200,Potato Chips 200g,47,620,48.0,0,2,Clear
2026-03-28,CHIP-200,Potato Chips 200g,43,620,48.0,0,2,Clear
2026-03-29,CHIP-200,Potato Chips 200g,53,620,48.0,0,2,Clear
2026-03-30,CHIP-200,Potato Chips 200g,46,620,48.0,0,2,Clear
2026-03-31,CHIP-200,Potato Chips 200g,36,620,48.0,0,2,Clear
2026-04-01,CHIP-200,Potato Chips 200g,53,620,48.0,1,2,Clear
2026-04-02,CHIP-200,Potato Chips 200g,45,620,48.0,0,2,Clear
2026-04-03,CHIP-200,Potato Chips 200g,59,620,48.0,0,2,Clear
2026-04-04,CHIP-200,Potato Chips 200g,58,620,48.0,0,2,Clear
2026-04-05,CHIP-200,Potato Chips 200g,52,620,48.0,0,2,Clear
2026-04-06,CHIP-200,Potato Chips 200g,49,620,48.0,0,2,Clear
2026-04-07,CHIP-200,Potato Chips 200g,48,620,48.0,0,2,Clear
2026-04-08,CHIP-200,Potato Chips 200g,47,620,48.0,0,2,Clear
2026-04-09,CHIP-200,Potato Chips 200g,41,620,48.0,0,2,Clear
2026-04-10,CHIP-200,Potato Chips 200g,48,620,48.0,0,2,Clear
2026-04-11,CHIP-200,Potato Chips 200g,51,620,48.0,0,2,Clear
2026-04-12,CHIP-200,Potato Chips 200g,48,620,48.0,0,2,Clear
2026-04-13,CHIP-200,Potato Chips 200g,55,620,48.0,0,2,Clear
2026-04-14,CHIP-200,Potato Chips 200g,54,620,48.0,0,2,Clear
2026-04-15,CHIP-200,Potato Chips 200g,49,620,48.0,1,2,Clear
2026-04-16,CHIP-200,Potato Chips 200g,52,620,48.0,0,2,Clear
2026-04-17,CHIP-200,Potato Chips 200g,60,620,48.0,0,2,Clear
2026-04-18,CHIP-200,Potato Chips 200g,68,620,48.0,0,2,Clear
2026-04-19,CHIP-200,Potato Chips 200g,69,620,48.0,0,2,Clear
2026-04-20,CHIP-200,Potato Chips 200g,56,620,48.0,0,2,Clear
2026-04-21,CHIP-200,Potato Chips 200g,50,620,48.0,0,2,Clear
2026-04-22,CHIP-200,Potato Chips 200g,49,620,48.0,0,2,Clear
2026-04-23,CHIP-200,Potato Chips 200g,60,620,48.0,0,2,Clear
2026-04-24,CHIP-200,Potato Chips 200g,60,620,48.0,0,2,Clear
2026-04-25,CHIP-200,Potato Chips 200g,74,620,48.0,0,2,Clear
2026-04-26,CHIP-200,Potato Chips 200g,74,620,48.0,0,2,Clear
2026-04-27,CHIP-200,Potato Chips 200g,58,620,48.0,0,2,Clear
2026-04-28,CHIP-200,Potato Chips 200g,51,620,48.0,0,2,Clear
2026-04-29,CHIP-200,Potato Chips 200g,58,620,48.0,0,2,Clear
2026-04-30,CHIP-200,Potato Chips 200g,62,620,48.0,0,2,Clear
2026-05-01,CHIP-200,Potato Chips 200g,70,620,48.0,1,2,Clear
2026-05-02,CHIP-200,Potato Chips 200g,64,620,48.0,0,2,Clear
2026-05-03,CHIP-200,Potato Chips 200g,70,620,48.0,0,2,Clear
2026-05-04,CHIP-200,Potato Chips 200g,58,620,48.0,0,2,Clear
2026-05-05,CHIP-200,Potato Chips 200g,57,620,48.0,0,2,Clear
2026-05-06,CHIP-200,Potato Chips 200g,63,620,48.0,0,2,Clear
2026-05-07,CHIP-200,Potato Chips 200g,58,620,48.0,0,2,Clear
2026-05-08,CHIP-200,Potato Chips 200g,63,620,48.0,0,2,Clear
2026-05-09,CHIP-200,Potato Chips 200g,70,620,48.0,0,2,Clear
2026-05-10,CHIP-200,Potato Chips 200g,60,620,48.0,0,2,Clear
2026-05-11,CHIP-200,Potato Chips 200g,57,620,48.0,0,2,Clear
2026-05-12,CHIP-200,Potato Chips 200g,70,620,48.0,0,2,Clear
2026-05-13,CHIP-200,Potato Chips 200g,52,620,48.0,0,2,Clear
2026-05-14,CHIP-200,Potato Chips 200g,45,620,48.0,0,2,Clear
2026-05-15,CHIP-200,Potato Chips 200g,57,620,48.0,1,2,Clear
2026-05-16,CHIP-200,Potato Chips 200g,66,620,48.0,0,2,Clear
2026-05-17,CHIP-200,Potato Chips 200g,65,620,48.0,0,2,Clear
2026-05-18,CHIP-200,Potato Chips 200g,57,620,48.0,0,2,Clear
2026-05-19,CHIP-200,Potato Chips 200g,66,620,48.0,0,2,Clear
2026-05-20,CHIP-200,Potato Chips 200g,38,620,48.0,0,2,Clear
2026-05-21,CHIP-200,Potato Chips 200g,59,620,48.0,0,2,Clear
2026-05-22,CHIP-200,Potato Chips 200g,66,620,48.0,0,2,Clear
2026-05-23,CHIP-200,Potato Chips 200g,54,620,48.0,0,2,Clear
2026-05-24,CHIP-200,Potato Chips 200g,58,620,48.0,0,2,Clear
2026-05-25,CHIP-200,Potato Chips 200g,48,620,48.0,0,2,Clear
2026-05-26,CHIP-200,Potato Chips 200g,47,620,48.0,0,2,Clear
2026-05-27,CHIP-200,Potato Chips 200g,50,620,48.0,0,2,Clear
2026-05-28,CHIP-200,Potato Chips 200g,62,620,48.0,0,2,Clear
2026-05-29,CHIP-200,Potato Chips 200g,64,620,48.0,0,2,Clear
2026-05-30,CHIP-200,Potato Chips 200g,55,620,48.0,0,2,Clear
2026-05-31,CHIP-200,Potato Chips 200g,70,620,48.0,0,2,Clear
2026-06-01,CHIP-200,Potato Chips 200g,59,620,48.0,1,3,Rainy
2026-06-02,CHIP-200,Potato Chips 200g,62,620,48.0,0,3,Rainy
2026-06-03,CHIP-200,Potato Chips 200g,48,620,48.0,0,3,Rainy
2026-06-04,CHIP-200,Potato Chips 200g,49,620,48.0,0,3,Rainy
2026-06-05,CHIP-200,Potato Chips 200g,51,620,48.0,0,3,Rainy
2026-06-06,CHIP-200,Potato Chips 200g,76,620,48.0,0,3,Rainy
2026-06-07,CHIP-200,Potato Chips 200g,59,620,48.0,0,3,Rainy
2026-06-08,CHIP-200,Potato Chips 200g,42,620,48.0,0,3,Rainy
2026-06-09,CHIP-200,Potato Chips 200g,54,620,48.0,0,3,Rainy
2026-06-10,CHIP-200,Potato Chips 200g,45,620,48.0,0,3,Rainy
2026-06-11,CHIP-200,Potato Chips 200g,44,620,48.0,0,3,Rainy
2026-06-12,CHIP-200,Potato Chips 200g,53,620,48.0,0,3,Rainy
2026-06-13,CHIP-200,Potato Chips 200g,53,620,48.0,0,3,Rainy
2026-06-14,CHIP-200,Potato Chips 200g,55,620,48.0,0,3,Rainy
2026-06-15,CHIP-200,Potato Chips 200g,56,620,48.0,1,3,Rainy
2026-06-16,CHIP-200,Potato Chips 200g,50,620,48.0,0,3,Rainy
2026-06-17,CHIP-200,Potato Chips 200g,51,620,48.0,0,3,Rainy
2026-06-18,CHIP-200,Potato Chips 200g,35,620,48.0,0,3,Rainy
2026-06-19,CHIP-200,Potato Chips 200g,53,620,48.0,0,3,Rainy
2026-06-20,CHIP-200,Potato Chips 200g,48,620,48.0,0,3,Rainy
2026-06-21,CHIP-200,Potato Chips 200g,45,620,48.0,0,3,Rainy
2026-06-22,CHIP-200,Potato Chips 200g,49,620,48.0,0,3,Rainy
2026-06-23,CHIP-200,Potato Chips 200g,51,620,48.0,0,3,Rainy
2026-06-24,CHIP-200,Potato Chips 200g,46,620,48.0,0,3,Rainy
2026-06-25,CHIP-200,Potato Chips 200g,57,620,48.0,0,3,Rainy
2026-06-26,CHIP-200,Potato Chips 200g,43,620,48.0,0,3,Rainy
2026-06-27,CHIP-200,Potato Chips 200g,56,620,48.0,0,3,Rainy
2026-06-28,CHIP-200,Potato Chips 200g,56,620,48.0,0,3,Rainy
2026-06-29,CHIP-200,Potato Chips 200g,54,620,48.0,0,3,Rainy
2026-06-30,CHIP-200,Potato Chips 200g,57,620,48.0,0,3,Rainy
2026-07-01,CHIP-200,Potato Chips 200g,58,620,48.0,1,3,Rainy
2026-07-02,CHIP-200,Potato Chips 200g,61,620,48.0,0,3,Rainy
2026-07-03,CHIP-200,Potato Chips 200g,57,620,48.0,0,3,Rainy
2026-07-04,CHIP-200,Potato Chips 200g,51,620,48.0,0,3,Rainy
2026-07-05,CHIP-200,Potato Chips 200g,51,620,48.0,0,3,Rainy
2026-07-06,CHIP-200,Potato Chips 200g,59,620,48.0,0,3,Rainy
2026-07-07,CHIP-200,Potato Chips 200g,58,620,48.0,0,3,Rainy
2026-07-08,CHIP-200,Potato Chips 200g,59,620,48.0,0,3,Rainy
2026-07-09,CHIP-200,Potato Chips 200g,60,620,48.0,0,3,Rainy
2026-07-10,CHIP-200,Potato Chips 200g,63,620,48.0,0,3,Rainy
2026-07-11,CHIP-200,Potato Chips 200g,75,620,48.0,0,3,Rainy
2026-07-12,CHIP-200,Potato Chips 200g,61,620,48.0,0,3,Rainy
2026-07-13,CHIP-200,Potato Chips 200g,54,620,48.0,0,3,Rainy
2026-07-14,CHIP-200,Potato Chips 200g,55,620,48.0,0,3,Rainy
2026-07-15,CHIP-200,Potato Chips 200g,76,620,48.0,1,3,Rainy
2026-07-16,CHIP-200,Potato Chips 200g,72,620,48.0,0,3,Rainy
2026-07-17,CHIP-200,Potato Chips 200g,60,620,48.0,0,3,Rainy
2026-07-18,CHIP-200,Potato Chips 200g,54,620,48.0,0,3,Rainy
2026-07-19,CHIP-200,Potato Chips 200g,59,620,48.0,0,3,Rainy
2026-07-20,CHIP-200,Potato Chips 200g,58,620,48.0,0,3,Rainy
2026-07-21,CHIP-200,Potato Chips 200g,60,620,48.0,0,3,Rainy
2026-07-22,CHIP-200,Potato Chips 200g,61,620,48.0,0,3,Rainy
2026-07-23,CHIP-200,Potato Chips 200g,64,620,48.0,0,3,Rainy
2026-07-24,CHIP-200,Potato Chips 200g,61,620,48.0,0,3,Rainy
2026-07-25,CHIP-200,Potato Chips 200g,78,620,48.0,0,3,Rainy
2026-07-26,CHIP-200,Potato Chips 200g,66,620,48.0,0,3,Rainy
2026-07-27,CHIP-200,Potato Chips 200g,56,620,48.0,0,3,Rainy
2026-07-28,CHIP-200,Potato Chips 200g,65,620,48.0,0,3,Rainy
2026-07-29,CHIP-200,Potato Chips 200g,51,620,48.0,0,3,Rainy
